package_version_id,package_id,version_range
1442,1278,*
1923,655,>=1.0.0.0 <2.0.0.0
1923,622,>=1.0.0 <2.0.0
1923,1154,>=1.0.0 <2.0.0
1923,1329,>=1.0.0 <2.0.0
1923,1274,>=2.0.0 <3.0.0
1923,1279,>=1.0.0 <2.0.0
1923,1277,>=2.0.0 <3.0.0
1923,1331,>=2.0.0 <3.0.0
1923,1200,>=1.0.0 <2.0.0
1923,568,>=1.0.0 <2.0.0
1923,1190,>=1.0.0 <2.0.0
1923,512,>=1.0.0 <2.0.0
1923,621,>=1.0.0 <2.0.0
1923,632,>=1.0.0 <2.0.0
2093,1290,>=2.0.0 <3.0.0
2093,1293,master
2093,1294,>=2.0.0 <3.0.0
2095,1276,>=1.0.0 <2.0.0
2095,4,>=1.0.0 <2.0.0
2097,3,>=1.0.0 <2.0.0
2098,1275,master
2099,1329,1.42.3
2099,1309,>=1.0.0 <2.0.0
2100,1320,>=1.0.0 <2.0.0
2100,1321,>=2.0.0 <3.0.0
2101,1328,1.42.3
2101,1295,>=2.0.0 <3.0.0
2101,1311,>=1.0.0 <2.0.0
2104,641,*
2106,639,1.15.0
2109,1536,master
2110,1636,master
2111,1536,master
2179,1254,master
2184,1276,>=1.0.0 <2.0.0
2187,640,>=1.0.0 <2.0.0
2187,3,>=1.0.0 <2.0.0
2193,658,1.1.0.7
2196,1301,8.42.0
2197,1301,8.42.0
2199,669,master
2203,666,<1.0.0
2203,5,>=3.0.0 <4.0.0
2250,665,>=2.0.0 <3.0.0
2252,1290,>=2.0.0 <3.0.0
2252,1295,>=2.0.0 <3.0.0
2252,1291,<1.0.0
2252,3,>=1.0.0 <2.0.0
2252,1276,>=1.0.0 <2.0.0
2255,1310,2.56.1
2255,1306,>=3.0.0 <4.0.0
2256,1301,>=8.0.0 <9.0.0
2256,641,<1.0.0
2265,655,>=1.0.0.0 <2.0.0.0
2338,638,>=2.0.0 <3.0.0
2338,3,>=1.0.0 <2.0.0
2338,637,>=1.0.0 <2.0.0
2338,643,>=2.0.0 <3.0.0
2338,644,>=5.0.0 <6.0.0
2338,4,>=1.0.0 <2.0.0
2338,646,>=3.0.0 <4.0.0
2403,659,>=1.0.0 <2.0.0
2403,642,>=1.0.0 <2.0.0
2403,653,>=1.0.0 <2.0.0
2403,3,>=1.0.0 <2.0.0
2436,1720,master
2438,600,*
2438,528,*
2449,1730,3.4.0
2593,1752,master
2594,1752,master
2596,732,3.6.1
2597,1056,3.6.1
2599,3,*
2601,1451,1.14.1
2602,1469,1.14.1
2602,1474,1.14.1
2603,1638,1.14.1
2605,1459,1.14.1
2606,1641,1.14.1
2606,1442,1.14.1
2608,1475,1.14.1
2609,1454,1.14.1
2610,1451,1.14.1
2611,1469,1.14.1
2612,1480,1.14.1
2612,1469,1.14.1
2613,1469,1.14.1
2614,1469,1.14.1
2615,1469,1.14.1
2616,1469,1.14.1
2617,1469,1.14.1
2618,1451,1.14.1
2618,1461,1.14.1
2618,1457,1.14.1
2618,1462,1.14.1
2619,1469,1.14.1
2620,1462,1.14.1
2620,1457,1.14.1
2620,1461,1.14.1
2620,1451,1.14.1
2621,1469,1.14.1
2621,1475,1.14.1
2621,1474,1.14.1
2622,1446,1.14.1
2623,1454,1.14.1
2623,1450,1.14.1
2624,734,<1.0.0
2625,1733,1.14.1
2625,1454,1.14.1
2625,1469,1.14.1
2626,1640,1.14.1
2626,1444,1.14.1
2626,1452,1.14.1
2626,1469,1.14.1
2626,1453,1.14.1
2626,1454,1.14.1
2627,732,>=3.0.0 <4.0.0
2627,1442,1.14.1
2628,1456,1.14.1
2628,1468,1.14.1
2629,1474,1.14.1
2629,1480,1.14.1
2629,1486,1.14.1
2629,1469,1.14.1
2630,1469,1.14.1
2630,1474,1.14.1
2632,1469,1.14.1
2632,1474,1.14.1
2632,1754,1.14.1
2632,661,>=1.0.0 <2.0.0
2633,1469,1.14.1
2633,1447,1.14.1
2636,1640,1.14.1
2636,1454,1.14.1
2636,1469,1.14.1
2636,655,>=1.0.0.0 <2.0.0.0
2637,1446,1.14.1
2637,1451,1.14.1
2638,1465,1.14.1
2638,1467,1.14.1
2638,1469,1.14.1
2638,1451,1.14.1
2638,1473,1.14.1
2638,1471,1.14.1
2638,1462,1.14.1
2638,1458,1.14.1
2639,1458,1.14.1
2639,1465,1.14.1
2639,1451,1.14.1
2639,1467,1.14.1
2639,1457,1.14.1
2639,3,>=1.0.0 <2.0.0
2640,1484,1.14.1
2640,1449,1.14.1
2640,1469,1.14.1
2640,1451,1.14.1
2641,1469,1.14.1
2641,1474,1.14.1
2642,1454,1.14.1
2642,1457,1.14.1
2643,1641,1.14.1
2643,1493,1.14.1
2644,1474,1.14.1
2644,1469,1.14.1
2645,1454,1.14.1
2646,1469,1.14.1
2646,1480,1.14.1
2646,1455,1.14.1
2647,1480,1.14.1
2647,1474,1.14.1
2647,1469,1.14.1
2648,1464,1.14.1
2648,1476,1.14.1
2648,1471,1.14.1
2648,1470,1.14.1
2648,1469,1.14.1
2648,1463,1.14.1
2648,1466,1.14.1
2648,1485,1.14.1
2648,1452,1.14.1
2648,1459,1.14.1
2648,1460,1.14.1
2648,1483,1.14.1
2648,1481,1.14.1
2648,1477,1.14.1
2648,1478,1.14.1
2648,1479,1.14.1
2648,1473,1.14.1
2649,1469,1.14.1
2649,1490,1.14.1
2649,1480,1.14.1
2649,1455,1.14.1
2650,1641,1.14.1
2651,1484,1.14.1
2651,1444,1.14.1
2651,1469,1.14.1
2651,1472,1.14.1
2652,1470,1.14.1
2652,1447,1.14.1
2652,1474,1.14.1
2652,1490,1.14.1
2652,1469,1.14.1
2653,1490,1.14.1
2653,1491,1.14.1
2653,1487,1.14.1
2653,1488,1.14.1
2653,1492,1.14.1
2654,1490,1.14.1
2654,1474,1.14.1
2654,1480,1.14.1
2654,1469,1.14.1
2654,1486,1.14.1
2655,1450,1.14.1
2656,1443,1.14.1
2656,1489,1.14.1
2656,1641,1.14.1
2656,1454,1.14.1
2656,1494,1.14.1
2656,1493,1.14.1
2815,1802,2.1.0
2816,1802,2.1.0
2818,3,>=1.0.0 <2.0.0
2818,1801,>=2.0.0 <3.0.0
2818,1798,>=9.0.0 <10.0.0
2818,644,>=5.0.0 <6.0.0
2818,1804,>=2.0.0 <3.0.0
2819,1798,>=9.0.0 <10.0.0
2819,1572,>=5.0.0 <6.0.0
2819,1800,>=4.0.0 <5.0.0
2819,1801,>=2.0.0 <3.0.0
2819,1276,>=1.0.0 <2.0.0
2819,1278,*
2829,1310,>=2.0.0 <3.0.0
2829,856,>=6.0.0 <7.0.0
2829,1287,*
2829,1309,>=1.0.0 <2.0.0
2829,1308,master
2829,1290,>=2.0.0 <3.0.0
2858,1827,master
2859,1827,master
2860,1826,master
2861,1821,master
2862,1821,master
2863,1821,master
2864,1826,master
2865,1827,master
2866,1826,master
2867,1635,>=1.0.0 <2.0.0
2867,1826,master
2868,1826,master
2869,1821,master
2870,1821,master
2871,1827,master
2872,1822,master
2873,1826,master
2874,1821,master
2875,1287,*
2875,1827,master
2876,1805,>=1.0.0 <2.0.0
2907,1301,10.31.0
3000,1892,0.0.3544
3002,1892,0.0.3544
3003,1896,0.0.3544
3004,1855,0.0.3544
3005,1892,0.0.3544
3006,1892,0.0.3544
3007,1902,0.0.3544
3007,1899,0.0.3544
3008,1901,0.0.3544
3008,1898,0.0.3544
3009,1904,0.0.3544
3009,1903,0.0.3544
3009,1900,0.0.3544
3009,1905,0.0.3544
3009,1896,0.0.3544
3009,1901,0.0.3544
3012,1294,>=2.0.0 <3.0.0
3012,3,>=1.0.0 <2.0.0
3013,1907,3.7.0
3017,1750,8.6.8
3017,1751,8.6.8
3018,1911,8.6.8
3018,1751,8.6.8
3018,3,>=1.0.0 <2.0.0
3019,1750,8.6.8
3025,1798,>=9.0.0 <10.0.0
3026,1798,>=9.0.0 <10.0.0
3026,3,>=1.0.0 <2.0.0
3232,2146,5.11.1
3233,2145,5.11.1
3234,2144,5.11.1
3234,2140,5.11.1
3235,1840,master
3235,2145,5.11.1
3236,1840,master
3236,2144,5.11.1
3237,2163,5.11.1
3238,2146,5.11.1
3239,1840,master
3239,2144,5.11.1
3240,2145,5.11.1
3241,2140,5.11.1
3241,2147,5.11.1
3242,2144,5.11.1
3242,2140,5.11.1
3243,2107,5.11.1
3244,2146,5.11.1
3245,2144,5.11.1
3245,2140,5.11.1
3245,1915,*
3246,2144,5.11.1
3246,1840,master
3247,2144,5.11.1
3247,2140,5.11.1
3248,1840,master
3248,2140,5.11.1
3248,2144,5.11.1
3249,2144,5.11.1
3249,1800,*
3249,2140,5.11.1
3251,2163,5.11.1
3251,2148,5.11.1
3252,2140,5.11.1
3252,2144,5.11.1
3253,2140,5.11.1
3253,2144,5.11.1
3254,1840,master
3254,2116,5.11.1
3255,2140,5.11.1
3255,1798,*
3255,2144,5.11.1
3256,2163,5.11.1
3256,2148,5.11.1
3257,2140,5.11.1
3257,2144,5.11.1
3258,1840,master
3258,2147,5.11.1
3258,2140,5.11.1
3259,1840,master
3259,2144,5.11.1
3259,2140,5.11.1
3260,2147,5.11.1
3260,2099,5.11.1
3260,1840,master
3260,2098,5.11.1
3260,2140,5.11.1
3261,2144,5.11.1
3261,1840,master
3262,1909,>=3.0.0 <4.0.0
3262,2152,5.11.1
3262,2145,5.11.1
3263,1840,master
3263,2128,5.11.1
3263,2140,5.11.1
3263,2110,5.11.1
3264,2140,5.11.1
3264,1906,*
3264,2098,5.11.1
3264,2141,5.11.1
3264,2149,5.11.1
3264,2153,5.11.1
3264,2151,5.11.1
3264,2150,5.11.1
3264,2154,5.11.1
3264,2143,5.11.1
3265,1840,master
3265,655,>=1.0.0.0 <2.0.0.0
3265,2140,5.11.1
3265,2145,5.11.1
3266,1840,master
3266,3,>=1.0.0 <2.0.0
3267,1311,>=1.0.0 <2.0.0
3267,1840,master
3267,2145,5.11.1
3267,2140,5.11.1
3267,1276,>=1.0.0 <2.0.0
3268,1840,master
3268,3,>=1.0.0 <2.0.0
3268,2098,5.11.1
3268,1844,*
3268,2140,5.11.1
3268,2103,5.11.1
3268,1642,>=10.0.0 <11.0.0
3269,2144,5.11.1
3269,2098,5.11.1
3269,2099,5.11.1
3269,2140,5.11.1
3269,1840,master
3270,1278,*
3270,2144,5.11.1
3270,2140,5.11.1
3271,1916,*
3271,2140,5.11.1
3271,2144,5.11.1
3272,2152,5.11.1
3272,2144,5.11.1
3272,1840,master
3272,2140,5.11.1
3272,2098,5.11.1
3275,2176,master
3276,2176,master
3277,2181,master
3278,2176,master
3279,2176,master
3280,2176,master
3281,2176,master
3283,2176,master
3284,638,>=2.0.0 <3.0.0
3284,3,>=1.0.0 <2.0.0
3316,1751,*
3316,1750,*
3316,658,>=1.0.0.0 <2.0.0.0
3316,2190,3.4.2
3320,1771,1.2.0
3322,1778,1.2.0
3323,1778,1.2.0
3323,1771,1.2.0
3326,1763,>=3.0.0 <4.0.0
3326,1775,1.2.0
3328,3,>=1.0.0 <2.0.0
3328,1765,1.2.0
3328,1760,*
3328,658,>=1.0.0.0 <2.0.0.0
3343,1778,1.3.0
3344,2197,1.3.0
3345,1778,1.3.0
3346,1771,1.3.0
3346,1778,1.3.0
3347,1763,>=3.0.0 <4.0.0
3347,1775,1.3.0
3348,655,>=1.0.0.0 <2.0.0.0
3348,1775,1.3.0
3349,1778,1.3.0
3349,1771,1.3.0
3350,2200,1.3.0
3350,1782,1.3.0
3350,2191,1.3.0
3350,2196,1.3.0
3350,2193,1.3.0
3350,2199,1.3.0
3351,658,>=1.0.0.0 <2.0.0.0
3351,1765,1.3.0
3351,1760,*
3351,3,>=1.0.0 <2.0.0
3352,1771,1.3.0
3354,658,1.1.0.8
3385,658,1.1.1
3387,1167,1.68.0
3387,1151,1.68.0
3387,1214,1.68.0
3387,1147,1.68.0
3387,1187,1.68.0
3388,1147,1.68.0
3390,1147,1.68.0
3390,1167,1.68.0
3390,1225,1.68.0
3390,1151,1.68.0
3390,1214,1.68.0
3391,1147,1.68.0
3391,1151,1.68.0
3392,1151,1.68.0
3392,1147,1.68.0
3392,1167,1.68.0
3393,1167,1.68.0
3393,1237,1.68.0
3393,1217,1.68.0
3393,1234,1.68.0
3393,1233,1.68.0
3393,1231,1.68.0
3393,1230,1.68.0
3393,1229,1.68.0
3393,1228,1.68.0
3393,1227,1.68.0
3393,600,1.68.0
3393,1247,1.68.0
3393,1196,1.68.0
3393,1219,1.68.0
3393,1218,1.68.0
3393,1246,1.68.0
3393,1206,1.68.0
3393,1208,1.68.0
3393,1209,1.68.0
3393,1203,1.68.0
3393,1213,1.68.0
3393,1214,1.68.0
3393,1202,1.68.0
3393,1212,1.68.0
3393,1185,1.68.0
3393,1192,1.68.0
3393,1161,1.68.0
3393,1193,1.68.0
3393,1188,1.68.0
3393,1187,1.68.0
3393,1225,1.68.0
3393,1210,1.68.0
3393,2233,1.68.0
3393,1204,1.68.0
3393,1182,1.68.0
3393,1181,1.68.0
3393,1178,1.68.0
3393,1179,1.68.0
3393,1174,1.68.0
3393,1211,1.68.0
3393,622,1.68.0
3393,1252,1.68.0
3393,1173,1.68.0
3393,1172,1.68.0
3393,1226,1.68.0
3393,1171,1.68.0
3393,1170,1.68.0
3393,621,1.68.0
3393,1223,1.68.0
3393,1168,1.68.0
3393,1244,1.68.0
3393,1166,1.68.0
3393,1164,1.68.0
3393,1200,1.68.0
3393,1240,1.68.0
3393,1147,1.68.0
3393,1163,1.68.0
3393,1158,1.68.0
3393,1239,1.68.0
3393,631,1.68.0
3393,528,1.68.0
3393,1154,1.68.0
3393,1153,1.68.0
3393,1243,1.68.0
3393,1151,1.68.0
3393,1152,1.68.0
3393,1155,1.68.0
3393,1157,1.68.0
3393,1148,1.68.0
3393,1176,1.68.0
3393,1175,1.68.0
3393,1177,1.68.0
3393,632,1.68.0
3393,515,1.68.0
3393,1144,1.68.0
3394,1151,1.68.0
3394,1147,1.68.0
3394,1234,1.68.0
3394,1230,1.68.0
3394,1211,1.68.0
3394,1225,1.68.0
3394,1210,1.68.0
3394,1187,1.68.0
3394,1214,1.68.0
3394,1185,1.68.0
3394,1170,1.68.0
3394,1167,1.68.0
3395,1230,1.68.0
3395,1167,1.68.0
3395,1147,1.68.0
3395,1185,1.68.0
3395,1214,1.68.0
3395,1188,1.68.0
3395,600,1.68.0
3395,1210,1.68.0
3395,1225,1.68.0
3395,1211,1.68.0
3395,1151,1.68.0
3395,1231,1.68.0
3395,1234,1.68.0
3396,1230,1.68.0
3396,1147,1.68.0
3396,1214,1.68.0
3396,1167,1.68.0
3396,1151,1.68.0
3396,1225,1.68.0
3396,1210,1.68.0
3396,1178,1.68.0
3396,1234,1.68.0
3396,631,1.68.0
3396,1211,1.68.0
3399,1151,1.68.0
3399,1167,1.68.0
3399,1170,1.68.0
3399,1147,1.68.0
3399,1185,1.68.0
3399,1164,1.68.0
3399,1188,1.68.0
3399,1187,1.68.0
3399,1225,1.68.0
3399,1210,1.68.0
3399,1211,1.68.0
3399,600,1.68.0
3399,1214,1.68.0
3399,1229,1.68.0
3399,1230,1.68.0
3399,1234,1.68.0
3400,1225,1.68.0
3400,1167,1.68.0
3400,1151,1.68.0
3400,1214,1.68.0
3400,1147,1.68.0
3401,1151,1.68.0
3401,1225,1.68.0
3401,1185,1.68.0
3401,1147,1.68.0
3401,1210,1.68.0
3401,1167,1.68.0
3401,1211,1.68.0
3401,1230,1.68.0
3401,1234,1.68.0
3401,1214,1.68.0
3402,1185,1.68.0
3402,1151,1.68.0
3402,1167,1.68.0
3402,1147,1.68.0
3402,1214,1.68.0
3402,1225,1.68.0
3402,1210,1.68.0
3402,1211,1.68.0
3402,1230,1.68.0
3402,1234,1.68.0
3403,1182,1.68.0
3403,1164,1.68.0
3403,1163,1.68.0
3403,1147,1.68.0
3403,1158,1.68.0
3403,1185,1.68.0
3403,1170,1.68.0
3403,1167,1.68.0
3403,1151,1.68.0
3403,1234,1.68.0
3403,1173,1.68.0
3403,1188,1.68.0
3403,1187,1.68.0
3403,528,1.68.0
3403,1166,1.68.0
3403,1230,1.68.0
3403,1228,1.68.0
3403,600,1.68.0
3403,1211,1.68.0
3403,1210,1.68.0
3403,1225,1.68.0
3403,1202,1.68.0
3403,1214,1.68.0
3403,1231,1.68.0
3404,528,1.68.0
3404,1185,1.68.0
3404,1214,1.68.0
3404,1202,1.68.0
3404,1225,1.68.0
3404,1210,1.68.0
3404,1211,1.68.0
3404,600,1.68.0
3404,1230,1.68.0
3404,1231,1.68.0
3404,1234,1.68.0
3404,1151,1.68.0
3404,1167,1.68.0
3404,1170,1.68.0
3404,1163,1.68.0
3404,1147,1.68.0
3404,1240,1.68.0
3404,1164,1.68.0
3404,1182,1.68.0
3404,1166,1.68.0
3404,1173,1.68.0
3404,1188,1.68.0
3404,1187,1.68.0
3404,1228,1.68.0
3404,1177,1.68.0
3405,1231,1.68.0
3405,1153,1.68.0
3405,528,1.68.0
3405,1154,1.68.0
3405,1151,1.68.0
3405,1167,1.68.0
3405,1158,1.68.0
3405,1147,1.68.0
3405,1240,1.68.0
3405,1163,1.68.0
3405,1233,1.68.0
3405,1164,1.68.0
3405,1166,1.68.0
3405,1170,1.68.0
3405,1230,1.68.0
3405,1252,1.68.0
3405,1179,1.68.0
3405,1182,1.68.0
3405,1173,1.68.0
3405,1188,1.68.0
3405,1187,1.68.0
3405,1228,1.68.0
3405,1177,1.68.0
3405,1185,1.68.0
3405,1214,1.68.0
3405,1202,1.68.0
3405,1225,1.68.0
3405,1210,1.68.0
3405,1211,1.68.0
3405,1218,1.68.0
3405,1247,1.68.0
3405,600,1.68.0
3405,1229,1.68.0
3405,1234,1.68.0
3406,1188,1.68.0
3406,1187,1.68.0
3406,1185,1.68.0
3406,1214,1.68.0
3406,1202,1.68.0
3406,1225,1.68.0
3406,1210,1.68.0
3406,1211,1.68.0
3406,600,1.68.0
3406,1228,1.68.0
3406,1230,1.68.0
3406,1231,1.68.0
3406,1234,1.68.0
3406,1166,1.68.0
3406,1182,1.68.0
3406,1164,1.68.0
3406,1147,1.68.0
3406,1173,1.68.0
3406,1163,1.68.0
3406,1170,1.68.0
3406,1167,1.68.0
3406,1151,1.68.0
3407,1177,1.68.0
3407,1144,1.68.0
3407,515,1.68.0
3407,632,1.68.0
3407,1175,1.68.0
3407,1176,1.68.0
3407,1148,1.68.0
3407,1157,1.68.0
3407,1155,1.68.0
3407,1151,1.68.0
3407,1243,1.68.0
3407,1153,1.68.0
3407,1154,1.68.0
3407,528,1.68.0
3407,631,1.68.0
3407,1163,1.68.0
3407,1239,1.68.0
3407,1158,1.68.0
3407,1147,1.68.0
3407,1240,1.68.0
3407,1200,1.68.0
3407,1164,1.68.0
3407,1166,1.68.0
3407,1244,1.68.0
3407,1167,1.68.0
3407,1168,1.68.0
3407,1223,1.68.0
3407,621,1.68.0
3407,1170,1.68.0
3407,1171,1.68.0
3407,1226,1.68.0
3407,1172,1.68.0
3407,1173,1.68.0
3407,1252,1.68.0
3407,622,1.68.0
3407,1211,1.68.0
3407,1174,1.68.0
3407,1179,1.68.0
3407,1178,1.68.0
3407,1181,1.68.0
3407,1182,1.68.0
3407,1204,1.68.0
3407,2233,1.68.0
3407,1210,1.68.0
3407,1225,1.68.0
3407,1187,1.68.0
3407,1188,1.68.0
3407,568,1.68.0
3407,1192,1.68.0
3407,1193,1.68.0
3407,1161,1.68.0
3407,1185,1.68.0
3407,1212,1.68.0
3407,1202,1.68.0
3407,1214,1.68.0
3407,1213,1.68.0
3407,1203,1.68.0
3407,1209,1.68.0
3407,1208,1.68.0
3407,1206,1.68.0
3407,1246,1.68.0
3407,1218,1.68.0
3407,1219,1.68.0
3407,1196,1.68.0
3407,1247,1.68.0
3407,600,1.68.0
3407,1227,1.68.0
3407,1228,1.68.0
3407,1229,1.68.0
3407,1230,1.68.0
3407,1231,1.68.0
3407,1233,1.68.0
3407,1234,1.68.0
3407,1217,1.68.0
3407,1237,1.68.0
3408,1252,1.68.0
3408,515,1.68.0
3408,1144,1.68.0
3408,1175,1.68.0
3408,1177,1.68.0
3408,632,1.68.0
3408,1228,1.68.0
3408,631,1.68.0
3408,1154,1.68.0
3408,528,1.68.0
3408,1153,1.68.0
3408,1151,1.68.0
3408,1243,1.68.0
3408,1163,1.68.0
3408,1239,1.68.0
3408,1240,1.68.0
3408,1147,1.68.0
3408,1158,1.68.0
3408,1233,1.68.0
3408,1164,1.68.0
3408,1244,1.68.0
3408,1166,1.68.0
3408,1223,1.68.0
3408,1168,1.68.0
3408,1167,1.68.0
3408,621,1.68.0
3408,1170,1.68.0
3408,1173,1.68.0
3408,1172,1.68.0
3408,1230,1.68.0
3408,1211,1.68.0
3408,622,1.68.0
3408,1174,1.68.0
3408,1178,1.68.0
3408,1179,1.68.0
3408,1204,1.68.0
3408,1181,1.68.0
3408,1182,1.68.0
3408,1188,1.68.0
3408,1187,1.68.0
3408,1193,1.68.0
3408,1161,1.68.0
3408,1192,1.68.0
3408,1185,1.68.0
3408,1157,1.68.0
3408,1214,1.68.0
3408,1202,1.68.0
3408,1208,1.68.0
3408,1225,1.68.0
3408,1210,1.68.0
3408,1206,1.68.0
3408,1246,1.68.0
3408,1218,1.68.0
3408,1219,1.68.0
3408,1196,1.68.0
3408,1247,1.68.0
3408,1227,1.68.0
3408,600,1.68.0
3408,1226,1.68.0
3408,1229,1.68.0
3408,1231,1.68.0
3408,1234,1.68.0
3408,1217,1.68.0
3409,1231,1.68.0
3409,515,1.68.0
3409,1144,1.68.0
3409,1175,1.68.0
3409,1177,1.68.0
3409,632,1.68.0
3409,1228,1.68.0
3409,631,1.68.0
3409,1154,1.68.0
3409,528,1.68.0
3409,1153,1.68.0
3409,1151,1.68.0
3409,1217,1.68.0
3409,1243,1.68.0
3409,1163,1.68.0
3409,1239,1.68.0
3409,1240,1.68.0
3409,1147,1.68.0
3409,1158,1.68.0
3409,1233,1.68.0
3409,1164,1.68.0
3409,1244,1.68.0
3409,1166,1.68.0
3409,1223,1.68.0
3409,1168,1.68.0
3409,1167,1.68.0
3409,621,1.68.0
3409,1170,1.68.0
3409,1230,1.68.0
3409,1234,1.68.0
3409,1252,1.68.0
3409,1211,1.68.0
3409,622,1.68.0
3409,1174,1.68.0
3409,1178,1.68.0
3409,1179,1.68.0
3409,1204,1.68.0
3409,1181,1.68.0
3409,1182,1.68.0
3409,1173,1.68.0
3409,1188,1.68.0
3409,1187,1.68.0
3409,1193,1.68.0
3409,1161,1.68.0
3409,1192,1.68.0
3409,1185,1.68.0
3409,1157,1.68.0
3409,1214,1.68.0
3409,1202,1.68.0
3409,1208,1.68.0
3409,1225,1.68.0
3409,1210,1.68.0
3409,1206,1.68.0
3409,1246,1.68.0
3409,1218,1.68.0
3409,1219,1.68.0
3409,1196,1.68.0
3409,1247,1.68.0
3409,1227,1.68.0
3409,600,1.68.0
3409,1226,1.68.0
3409,1229,1.68.0
3410,1178,1.68.0
3410,1217,1.68.0
3410,1234,1.68.0
3410,1231,1.68.0
3410,1229,1.68.0
3410,1226,1.68.0
3410,1227,1.68.0
3410,600,1.68.0
3410,1247,1.68.0
3410,1196,1.68.0
3410,1219,1.68.0
3410,1218,1.68.0
3410,1246,1.68.0
3410,1206,1.68.0
3410,1225,1.68.0
3410,1210,1.68.0
3410,1208,1.68.0
3410,1214,1.68.0
3410,1202,1.68.0
3410,1157,1.68.0
3410,1185,1.68.0
3410,1192,1.68.0
3410,2224,1.68.0
3410,1161,1.68.0
3410,1193,1.68.0
3410,1188,1.68.0
3410,1187,1.68.0
3410,1204,1.68.0
3410,1182,1.68.0
3410,1181,1.68.0
3410,1179,1.68.0
3410,1174,1.68.0
3410,1211,1.68.0
3410,622,1.68.0
3410,1230,1.68.0
3410,1252,1.68.0
3410,1173,1.68.0
3410,1172,1.68.0
3410,1170,1.68.0
3410,621,1.68.0
3410,1223,1.68.0
3410,1168,1.68.0
3410,1167,1.68.0
3410,1244,1.68.0
3410,1166,1.68.0
3410,1233,1.68.0
3410,1164,1.68.0
3410,1240,1.68.0
3410,1158,1.68.0
3410,1147,1.68.0
3410,1239,1.68.0
3410,1163,1.68.0
3410,631,1.68.0
3410,528,1.68.0
3410,1154,1.68.0
3410,1153,1.68.0
3410,1152,1.68.0
3410,1151,1.68.0
3410,1243,1.68.0
3410,1175,1.68.0
3410,1177,1.68.0
3410,632,1.68.0
3410,1228,1.68.0
3410,515,1.68.0
3410,1144,1.68.0
3411,1211,1.68.0
3411,515,1.68.0
3411,1144,1.68.0
3411,1175,1.68.0
3411,1177,1.68.0
3411,632,1.68.0
3411,1228,1.68.0
3411,631,1.68.0
3411,1154,1.68.0
3411,528,1.68.0
3411,1153,1.68.0
3411,1151,1.68.0
3411,1243,1.68.0
3411,1163,1.68.0
3411,1239,1.68.0
3411,1240,1.68.0
3411,1147,1.68.0
3411,1158,1.68.0
3411,1233,1.68.0
3411,1164,1.68.0
3411,1244,1.68.0
3411,1166,1.68.0
3411,1223,1.68.0
3411,1168,1.68.0
3411,1167,1.68.0
3411,621,1.68.0
3411,1170,1.68.0
3411,1173,1.68.0
3411,1172,1.68.0
3411,1230,1.68.0
3411,1252,1.68.0
3411,1217,1.68.0
3411,1234,1.68.0
3411,1231,1.68.0
3411,1229,1.68.0
3411,1226,1.68.0
3411,600,1.68.0
3411,1227,1.68.0
3411,1247,1.68.0
3411,1196,1.68.0
3411,1219,1.68.0
3411,1218,1.68.0
3411,1246,1.68.0
3411,1206,1.68.0
3411,1210,1.68.0
3411,1225,1.68.0
3411,1208,1.68.0
3411,1202,1.68.0
3411,1214,1.68.0
3411,1157,1.68.0
3411,1185,1.68.0
3411,1192,1.68.0
3411,1161,1.68.0
3411,1193,1.68.0
3411,1187,1.68.0
3411,1188,1.68.0
3411,1182,1.68.0
3411,1181,1.68.0
3411,1204,1.68.0
3411,1179,1.68.0
3411,1178,1.68.0
3411,1174,1.68.0
3411,622,1.68.0
3412,1154,1.68.0
3412,1217,1.68.0
3412,1234,1.68.0
3412,1231,1.68.0
3412,1229,1.68.0
3412,1226,1.68.0
3412,600,1.68.0
3412,1227,1.68.0
3412,1247,1.68.0
3412,1196,1.68.0
3412,1219,1.68.0
3412,1218,1.68.0
3412,1246,1.68.0
3412,1206,1.68.0
3412,1210,1.68.0
3412,1225,1.68.0
3412,1208,1.68.0
3412,1202,1.68.0
3412,1214,1.68.0
3412,1157,1.68.0
3412,1185,1.68.0
3412,1192,1.68.0
3412,1161,1.68.0
3412,1193,1.68.0
3412,1187,1.68.0
3412,1188,1.68.0
3412,1182,1.68.0
3412,1181,1.68.0
3412,1204,1.68.0
3412,1179,1.68.0
3412,1178,1.68.0
3412,1174,1.68.0
3412,622,1.68.0
3412,1211,1.68.0
3412,1252,1.68.0
3412,1230,1.68.0
3412,1172,1.68.0
3412,1173,1.68.0
3412,1170,1.68.0
3412,621,1.68.0
3412,1167,1.68.0
3412,1168,1.68.0
3412,1223,1.68.0
3412,1166,1.68.0
3412,1244,1.68.0
3412,1164,1.68.0
3412,1233,1.68.0
3412,1158,1.68.0
3412,1147,1.68.0
3412,1240,1.68.0
3412,1239,1.68.0
3412,1163,1.68.0
3412,1243,1.68.0
3412,1151,1.68.0
3412,1153,1.68.0
3412,528,1.68.0
3412,515,1.68.0
3412,631,1.68.0
3412,1175,1.68.0
3412,1177,1.68.0
3412,632,1.68.0
3412,1228,1.68.0
3413,1214,1.68.0
3413,1211,1.68.0
3413,600,1.68.0
3413,1188,1.68.0
3413,1225,1.68.0
3413,1210,1.68.0
3413,1166,1.68.0
3413,1185,1.68.0
3413,1147,1.68.0
3413,1167,1.68.0
3413,1151,1.68.0
3413,1234,1.68.0
3413,1231,1.68.0
3413,1230,1.68.0
3414,1233,1.68.0
3414,1234,1.68.0
3414,1217,1.68.0
3414,1237,1.68.0
3414,2233,1.68.0
3414,1210,1.68.0
3414,1225,1.68.0
3414,1187,1.68.0
3414,1188,1.68.0
3414,568,1.68.0
3414,1192,1.68.0
3414,1193,1.68.0
3414,1161,1.68.0
3414,1185,1.68.0
3414,1212,1.68.0
3414,1202,1.68.0
3414,1182,1.68.0
3414,1181,1.68.0
3414,1178,1.68.0
3414,1179,1.68.0
3414,1174,1.68.0
3414,1252,1.68.0
3414,1173,1.68.0
3414,1172,1.68.0
3414,1171,1.68.0
3414,1170,1.68.0
3414,1223,1.68.0
3414,1168,1.68.0
3414,1167,1.68.0
3414,1244,1.68.0
3414,1166,1.68.0
3414,1164,1.68.0
3414,1200,1.68.0
3414,1240,1.68.0
3414,1163,1.68.0
3414,1158,1.68.0
3414,1157,1.68.0
3414,1155,1.68.0
3414,1243,1.68.0
3414,1151,1.68.0
3414,1206,1.68.0
3414,512,1.68.0
3414,1147,1.68.0
3414,1146,1.68.0
3414,528,1.68.0
3414,1154,1.68.0
3414,1153,1.68.0
3414,631,1.68.0
3414,1247,1.68.0
3414,1148,1.68.0
3414,1211,1.68.0
3414,622,1.68.0
3414,515,1.68.0
3414,1144,1.68.0
3414,632,1.68.0
3414,1176,1.68.0
3414,1175,1.68.0
3414,1177,1.68.0
3414,621,1.68.0
3414,1239,1.68.0
3414,1204,1.68.0
3414,1214,1.68.0
3414,1203,1.68.0
3414,1213,1.68.0
3414,1208,1.68.0
3414,1209,1.68.0
3414,1246,1.68.0
3414,1218,1.68.0
3414,1219,1.68.0
3414,1196,1.68.0
3414,600,1.68.0
3414,1226,1.68.0
3414,1227,1.68.0
3414,1228,1.68.0
3414,1229,1.68.0
3414,1230,1.68.0
3414,1231,1.68.0
3415,1239,1.68.0
3415,1144,1.68.0
3415,515,1.68.0
3415,632,1.68.0
3415,1177,1.68.0
3415,1175,1.68.0
3415,1176,1.68.0
3415,1148,1.68.0
3415,1157,1.68.0
3415,1155,1.68.0
3415,1151,1.68.0
3415,1243,1.68.0
3415,1153,1.68.0
3415,1154,1.68.0
3415,528,1.68.0
3415,631,1.68.0
3415,1163,1.68.0
3415,1158,1.68.0
3415,1147,1.68.0
3415,1240,1.68.0
3415,1200,1.68.0
3415,1164,1.68.0
3415,1166,1.68.0
3415,1244,1.68.0
3415,1167,1.68.0
3415,1168,1.68.0
3415,1223,1.68.0
3415,621,1.68.0
3415,1170,1.68.0
3415,1171,1.68.0
3415,1226,1.68.0
3415,1172,1.68.0
3415,1173,1.68.0
3415,1252,1.68.0
3415,622,1.68.0
3415,1211,1.68.0
3415,1174,1.68.0
3415,1179,1.68.0
3415,1178,1.68.0
3415,1181,1.68.0
3415,1182,1.68.0
3415,1204,1.68.0
3415,2233,1.68.0
3415,1210,1.68.0
3415,1225,1.68.0
3415,1187,1.68.0
3415,1188,1.68.0
3415,1193,1.68.0
3415,1161,1.68.0
3415,1192,1.68.0
3415,1185,1.68.0
3415,1212,1.68.0
3415,1202,1.68.0
3415,1214,1.68.0
3415,1213,1.68.0
3415,1203,1.68.0
3415,1209,1.68.0
3415,1208,1.68.0
3415,1206,1.68.0
3415,1246,1.68.0
3415,1218,1.68.0
3415,1219,1.68.0
3415,1196,1.68.0
3415,1247,1.68.0
3415,1227,1.68.0
3415,600,1.68.0
3415,1228,1.68.0
3415,1229,1.68.0
3415,1230,1.68.0
3415,1231,1.68.0
3415,1233,1.68.0
3415,1234,1.68.0
3415,1217,1.68.0
3415,1237,1.68.0
3416,1158,1.68.0
3416,1146,1.68.0
3416,632,1.68.0
3416,1147,1.68.0
3416,1176,1.68.0
3416,1175,1.68.0
3416,1177,1.68.0
3416,1185,1.68.0
3416,1192,1.68.0
3416,1161,1.68.0
3416,1193,1.68.0
3416,1179,1.68.0
3416,1178,1.68.0
3416,1213,1.68.0
3416,1214,1.68.0
3416,1202,1.68.0
3416,1188,1.68.0
3416,1187,1.68.0
3416,1225,1.68.0
3416,1210,1.68.0
3416,2233,1.68.0
3416,1204,1.68.0
3416,1182,1.68.0
3416,1144,1.68.0
3416,1212,1.68.0
3416,1209,1.68.0
3416,1208,1.68.0
3416,1206,1.68.0
3416,1237,1.68.0
3416,1217,1.68.0
3416,1234,1.68.0
3416,1233,1.68.0
3416,1231,1.68.0
3416,1246,1.68.0
3416,1218,1.68.0
3416,1230,1.68.0
3416,1219,1.68.0
3416,1196,1.68.0
3416,1247,1.68.0
3416,1174,1.68.0
3416,1211,1.68.0
3416,622,1.68.0
3416,1252,1.68.0
3416,1173,1.68.0
3416,1172,1.68.0
3416,1226,1.68.0
3416,1171,1.68.0
3416,1170,1.68.0
3416,621,1.68.0
3416,1223,1.68.0
3416,1168,1.68.0
3416,1167,1.68.0
3416,1244,1.68.0
3416,1166,1.68.0
3416,1181,1.68.0
3416,1164,1.68.0
3416,1200,1.68.0
3416,1240,1.68.0
3416,1163,1.68.0
3416,1239,1.68.0
3416,631,1.68.0
3416,600,1.68.0
3416,1227,1.68.0
3416,1228,1.68.0
3416,1229,1.68.0
3416,515,1.68.0
3416,528,1.68.0
3416,1154,1.68.0
3416,1153,1.68.0
3416,1243,1.68.0
3416,1151,1.68.0
3416,1148,1.68.0
3416,1203,1.68.0
3416,1157,1.68.0
3416,1155,1.68.0
3417,1151,1.68.0
3417,1176,1.68.0
3417,1175,1.68.0
3417,1177,1.68.0
3417,632,1.68.0
3417,515,1.68.0
3417,1144,1.68.0
3417,1237,1.68.0
3417,1217,1.68.0
3417,1234,1.68.0
3417,1179,1.68.0
3417,1178,1.68.0
3417,1180,1.68.0
3417,1181,1.68.0
3417,1182,1.68.0
3417,1204,1.68.0
3417,2233,1.68.0
3417,1233,1.68.0
3417,1190,1.68.0
3417,1231,1.68.0
3417,1230,1.68.0
3417,1229,1.68.0
3417,1228,1.68.0
3417,1227,1.68.0
3417,1210,1.68.0
3417,1243,1.68.0
3417,1153,1.68.0
3417,1154,1.68.0
3417,528,1.68.0
3417,631,1.68.0
3417,1239,1.68.0
3417,1226,1.68.0
3417,600,1.68.0
3417,1247,1.68.0
3417,1196,1.68.0
3417,1219,1.68.0
3417,1218,1.68.0
3417,1246,1.68.0
3417,1206,1.68.0
3417,1209,1.68.0
3417,1208,1.68.0
3417,1203,1.68.0
3417,1213,1.68.0
3417,1214,1.68.0
3417,1202,1.68.0
3417,1212,1.68.0
3417,1185,1.68.0
3417,1195,1.68.0
3417,1192,1.68.0
3417,1161,1.68.0
3417,1158,1.68.0
3417,1163,1.68.0
3417,1147,1.68.0
3417,1193,1.68.0
3417,1188,1.68.0
3417,1187,1.68.0
3417,1225,1.68.0
3417,1240,1.68.0
3417,1200,1.68.0
3417,1164,1.68.0
3417,1166,1.68.0
3417,1244,1.68.0
3417,1167,1.68.0
3417,1168,1.68.0
3417,1223,1.68.0
3417,621,1.68.0
3417,1170,1.68.0
3417,1171,1.68.0
3417,1172,1.68.0
3417,1173,1.68.0
3417,1252,1.68.0
3417,622,1.68.0
3417,1211,1.68.0
3417,1174,1.68.0
3417,1155,1.68.0
3417,1152,1.68.0
3417,1157,1.68.0
3417,1148,1.68.0
3418,1223,1.68.0
3418,1166,1.68.0
3418,1244,1.68.0
3418,1164,1.68.0
3418,1233,1.68.0
3418,1158,1.68.0
3418,1147,1.68.0
3418,1174,1.68.0
3418,1178,1.68.0
3418,1214,1.68.0
3418,622,1.68.0
3418,1185,1.68.0
3418,1240,1.68.0
3418,1239,1.68.0
3418,1163,1.68.0
3418,1243,1.68.0
3418,1151,1.68.0
3418,1153,1.68.0
3418,528,1.68.0
3418,1154,1.68.0
3418,631,1.68.0
3418,1228,1.68.0
3418,632,1.68.0
3418,1177,1.68.0
3418,1175,1.68.0
3418,1144,1.68.0
3418,515,1.68.0
3418,1192,1.68.0
3418,1246,1.68.0
3418,1161,1.68.0
3418,1193,1.68.0
3418,1187,1.68.0
3418,1206,1.68.0
3418,1179,1.68.0
3418,1204,1.68.0
3418,1173,1.68.0
3418,1172,1.68.0
3418,1181,1.68.0
3418,1182,1.68.0
3418,1230,1.68.0
3418,1252,1.68.0
3418,1211,1.68.0
3418,1188,1.68.0
3418,1210,1.68.0
3418,1170,1.68.0
3418,1225,1.68.0
3418,1208,1.68.0
3418,1202,1.68.0
3418,1217,1.68.0
3418,1234,1.68.0
3418,621,1.68.0
3418,1167,1.68.0
3418,1231,1.68.0
3418,1229,1.68.0
3418,1226,1.68.0
3418,600,1.68.0
3418,1227,1.68.0
3418,1247,1.68.0
3418,1196,1.68.0
3418,1168,1.68.0
3418,1219,1.68.0
3418,1218,1.68.0
3419,1185,1.68.0
3419,515,1.68.0
3419,1144,1.68.0
3419,1239,1.68.0
3419,1147,1.68.0
3419,1192,1.68.0
3419,1228,1.68.0
3419,1157,1.68.0
3419,1196,1.68.0
3419,1247,1.68.0
3419,600,1.68.0
3419,1227,1.68.0
3419,1182,1.68.0
3419,1181,1.68.0
3419,1178,1.68.0
3419,1179,1.68.0
3419,1174,1.68.0
3419,1211,1.68.0
3419,622,1.68.0
3419,1230,1.68.0
3419,1252,1.68.0
3419,1202,1.68.0
3419,1214,1.68.0
3419,1173,1.68.0
3419,1226,1.68.0
3419,1172,1.68.0
3419,1170,1.68.0
3419,1213,1.68.0
3419,1208,1.68.0
3419,1210,1.68.0
3419,1168,1.68.0
3419,1223,1.68.0
3419,1158,1.68.0
3419,1240,1.68.0
3419,1200,1.68.0
3419,1164,1.68.0
3419,1233,1.68.0
3419,1166,1.68.0
3419,1244,1.68.0
3419,1167,1.68.0
3419,1246,1.68.0
3419,1218,1.68.0
3419,1204,1.68.0
3419,1187,1.68.0
3419,1188,1.68.0
3419,1229,1.68.0
3419,1231,1.68.0
3419,1234,1.68.0
3419,1235,1.68.0
3419,1217,1.68.0
3419,621,1.68.0
3419,1163,1.68.0
3419,631,1.68.0
3419,528,1.68.0
3419,1154,1.68.0
3419,1153,1.68.0
3419,1243,1.68.0
3419,1151,1.68.0
3419,1225,1.68.0
3419,1206,1.68.0
3419,1193,1.68.0
3419,1161,1.68.0
3419,1148,1.68.0
3419,1176,1.68.0
3419,1175,1.68.0
3419,1219,1.68.0
3419,1177,1.68.0
3419,632,1.68.0
3420,1211,1.68.0
3420,1144,1.68.0
3420,515,1.68.0
3420,1228,1.68.0
3420,632,1.68.0
3420,1177,1.68.0
3420,1175,1.68.0
3420,1176,1.68.0
3420,1148,1.68.0
3420,1151,1.68.0
3420,1243,1.68.0
3420,1153,1.68.0
3420,1154,1.68.0
3420,528,1.68.0
3420,631,1.68.0
3420,1163,1.68.0
3420,1239,1.68.0
3420,1147,1.68.0
3420,1158,1.68.0
3420,1240,1.68.0
3420,1200,1.68.0
3420,1164,1.68.0
3420,1166,1.68.0
3420,1244,1.68.0
3420,1167,1.68.0
3420,1168,1.68.0
3420,1223,1.68.0
3420,621,1.68.0
3420,1170,1.68.0
3420,1171,1.68.0
3420,1226,1.68.0
3420,1172,1.68.0
3420,1173,1.68.0
3420,1252,1.68.0
3420,622,1.68.0
3420,1174,1.68.0
3420,1179,1.68.0
3420,1178,1.68.0
3420,1181,1.68.0
3420,1182,1.68.0
3420,1204,1.68.0
3420,2233,1.68.0
3420,1210,1.68.0
3420,1225,1.68.0
3420,1187,1.68.0
3420,1188,1.68.0
3420,1193,1.68.0
3420,1161,1.68.0
3420,1192,1.68.0
3420,1185,1.68.0
3420,1212,1.68.0
3420,1157,1.68.0
3420,1202,1.68.0
3420,1214,1.68.0
3420,1213,1.68.0
3420,1203,1.68.0
3420,1209,1.68.0
3420,1208,1.68.0
3420,1206,1.68.0
3420,1246,1.68.0
3420,1218,1.68.0
3420,1219,1.68.0
3420,1196,1.68.0
3420,1247,1.68.0
3420,1227,1.68.0
3420,600,1.68.0
3420,1229,1.68.0
3420,1230,1.68.0
3420,1231,1.68.0
3420,1233,1.68.0
3420,1234,1.68.0
3420,1217,1.68.0
3420,1237,1.68.0
3421,1246,1.68.0
3421,1225,1.68.0
3421,1217,1.68.0
3421,1234,1.68.0
3421,1231,1.68.0
3421,632,1.68.0
3421,1229,1.68.0
3421,1226,1.68.0
3421,631,1.68.0
3421,528,1.68.0
3421,1154,1.68.0
3421,1210,1.68.0
3421,1208,1.68.0
3421,1214,1.68.0
3421,1177,1.68.0
3421,1175,1.68.0
3421,1147,1.68.0
3421,1146,1.68.0
3421,1158,1.68.0
3421,1151,1.68.0
3421,1243,1.68.0
3421,1153,1.68.0
3421,1202,1.68.0
3421,1157,1.68.0
3421,1185,1.68.0
3421,1192,1.68.0
3421,1161,1.68.0
3421,1193,1.68.0
3421,1188,1.68.0
3421,1187,1.68.0
3421,1204,1.68.0
3421,1144,1.68.0
3421,515,1.68.0
3421,1228,1.68.0
3421,1227,1.68.0
3421,600,1.68.0
3421,1163,1.68.0
3421,1239,1.68.0
3421,512,1.68.0
3421,1206,1.68.0
3421,1240,1.68.0
3421,1164,1.68.0
3421,1233,1.68.0
3421,1166,1.68.0
3421,1244,1.68.0
3421,1167,1.68.0
3421,1168,1.68.0
3421,1223,1.68.0
3421,621,1.68.0
3421,1170,1.68.0
3421,1172,1.68.0
3421,1173,1.68.0
3421,1252,1.68.0
3421,1230,1.68.0
3421,622,1.68.0
3421,1211,1.68.0
3421,1174,1.68.0
3421,1178,1.68.0
3421,1179,1.68.0
3421,1181,1.68.0
3421,1182,1.68.0
3421,1247,1.68.0
3421,1196,1.68.0
3421,1219,1.68.0
3421,1218,1.68.0
3422,2225,1.68.0
3422,1144,1.68.0
3422,515,1.68.0
3422,1228,1.68.0
3422,1177,1.68.0
3422,632,1.68.0
3422,600,1.68.0
3422,1247,1.68.0
3422,1227,1.68.0
3422,1226,1.68.0
3422,1229,1.68.0
3422,1231,1.68.0
3422,1234,1.68.0
3422,1196,1.68.0
3422,1219,1.68.0
3422,1218,1.68.0
3422,1246,1.68.0
3422,1217,1.68.0
3422,1206,1.68.0
3422,1225,1.68.0
3422,1210,1.68.0
3422,1208,1.68.0
3422,1214,1.68.0
3422,1202,1.68.0
3422,1157,1.68.0
3422,1185,1.68.0
3422,1192,1.68.0
3422,2223,1.68.0
3422,1161,1.68.0
3422,1193,1.68.0
3422,1188,1.68.0
3422,1187,1.68.0
3422,1204,1.68.0
3422,1182,1.68.0
3422,1181,1.68.0
3422,1179,1.68.0
3422,1178,1.68.0
3422,1174,1.68.0
3422,1211,1.68.0
3422,622,1.68.0
3422,1230,1.68.0
3422,1252,1.68.0
3422,1173,1.68.0
3422,1172,1.68.0
3422,1170,1.68.0
3422,621,1.68.0
3422,1223,1.68.0
3422,1168,1.68.0
3422,1167,1.68.0
3422,1244,1.68.0
3422,1166,1.68.0
3422,1233,1.68.0
3422,1164,1.68.0
3422,1158,1.68.0
3422,1147,1.68.0
3422,1240,1.68.0
3422,1239,1.68.0
3422,1163,1.68.0
3422,1151,1.68.0
3422,1243,1.68.0
3422,631,1.68.0
3422,528,1.68.0
3422,1154,1.68.0
3422,1153,1.68.0
3422,1175,1.68.0
3423,515,1.68.0
3423,1210,1.68.0
3423,1206,1.68.0
3423,1246,1.68.0
3423,1218,1.68.0
3423,1219,1.68.0
3423,1196,1.68.0
3423,1247,1.68.0
3423,1227,1.68.0
3423,600,1.68.0
3423,1226,1.68.0
3423,1229,1.68.0
3423,1231,1.68.0
3423,1234,1.68.0
3423,1217,1.68.0
3423,1154,1.68.0
3423,528,1.68.0
3423,1153,1.68.0
3423,1151,1.68.0
3423,1225,1.68.0
3423,1208,1.68.0
3423,1202,1.68.0
3423,1214,1.68.0
3423,1157,1.68.0
3423,1185,1.68.0
3423,1192,1.68.0
3423,1161,1.68.0
3423,1193,1.68.0
3423,1187,1.68.0
3423,1188,1.68.0
3423,1182,1.68.0
3423,1181,1.68.0
3423,1204,1.68.0
3423,1179,1.68.0
3423,1178,1.68.0
3423,1174,1.68.0
3423,622,1.68.0
3423,1211,1.68.0
3423,1252,1.68.0
3423,1230,1.68.0
3423,1172,1.68.0
3423,1173,1.68.0
3423,1170,1.68.0
3423,621,1.68.0
3423,1167,1.68.0
3423,1168,1.68.0
3423,1223,1.68.0
3423,1166,1.68.0
3423,1244,1.68.0
3423,1243,1.68.0
3423,1163,1.68.0
3423,1239,1.68.0
3423,1240,1.68.0
3423,1147,1.68.0
3423,1158,1.68.0
3423,1233,1.68.0
3423,1164,1.68.0
3423,631,1.68.0
3423,1228,1.68.0
3423,632,1.68.0
3423,1177,1.68.0
3423,1175,1.68.0
3423,1144,1.68.0
3424,1228,1.68.0
3424,1225,1.68.0
3424,1210,1.68.0
3424,1211,1.68.0
3424,1214,1.68.0
3424,1230,1.68.0
3424,1231,1.68.0
3424,1234,1.68.0
3424,1187,1.68.0
3424,1182,1.68.0
3424,1164,1.68.0
3424,1185,1.68.0
3424,1147,1.68.0
3424,1170,1.68.0
3424,1167,1.68.0
3424,1151,1.68.0
3426,1147,1.68.0
3426,1240,1.68.0
3426,1200,1.68.0
3426,1234,1.68.0
3426,1233,1.68.0
3426,1231,1.68.0
3426,1230,1.68.0
3426,1229,1.68.0
3426,1226,1.68.0
3426,1227,1.68.0
3426,1202,1.68.0
3426,1212,1.68.0
3426,1185,1.68.0
3426,1192,1.68.0
3426,1161,1.68.0
3426,1193,1.68.0
3426,1188,1.68.0
3426,1187,1.68.0
3426,1225,1.68.0
3426,1210,1.68.0
3426,2233,1.68.0
3426,1204,1.68.0
3426,1182,1.68.0
3426,1181,1.68.0
3426,1178,1.68.0
3426,1179,1.68.0
3426,1174,1.68.0
3426,1211,1.68.0
3426,622,1.68.0
3426,1252,1.68.0
3426,1163,1.68.0
3426,1239,1.68.0
3426,1158,1.68.0
3426,1244,1.68.0
3426,621,1.68.0
3426,1167,1.68.0
3426,1208,1.68.0
3426,1209,1.68.0
3426,1203,1.68.0
3426,1213,1.68.0
3426,1214,1.68.0
3426,1168,1.68.0
3426,1223,1.68.0
3426,1173,1.68.0
3426,1172,1.68.0
3426,1170,1.68.0
3426,1154,1.68.0
3426,1246,1.68.0
3426,1218,1.68.0
3426,1219,1.68.0
3426,1206,1.68.0
3426,600,1.68.0
3426,1247,1.68.0
3426,1196,1.68.0
3426,1164,1.68.0
3426,1166,1.68.0
3426,528,1.68.0
3426,631,1.68.0
3426,1157,1.68.0
3426,1155,1.68.0
3426,1148,1.68.0
3426,1151,1.68.0
3426,1243,1.68.0
3426,1153,1.68.0
3426,1176,1.68.0
3426,1175,1.68.0
3426,1177,1.68.0
3426,632,1.68.0
3426,1228,1.68.0
3426,515,1.68.0
3426,1144,1.68.0
3426,1237,1.68.0
3426,1217,1.68.0
3427,1158,1.68.0
3427,1240,1.68.0
3427,1200,1.68.0
3427,1164,1.68.0
3427,1166,1.68.0
3427,1244,1.68.0
3427,1167,1.68.0
3427,1168,1.68.0
3427,1223,1.68.0
3427,621,1.68.0
3427,1170,1.68.0
3427,1171,1.68.0
3427,1226,1.68.0
3427,1172,1.68.0
3427,1173,1.68.0
3427,1252,1.68.0
3427,622,1.68.0
3427,1211,1.68.0
3427,1174,1.68.0
3427,1237,1.68.0
3427,1217,1.68.0
3427,1234,1.68.0
3427,1233,1.68.0
3427,1231,1.68.0
3427,1230,1.68.0
3427,1229,1.68.0
3427,1228,1.68.0
3427,600,1.68.0
3427,1227,1.68.0
3427,1247,1.68.0
3427,1196,1.68.0
3427,1219,1.68.0
3427,1218,1.68.0
3427,1246,1.68.0
3427,1206,1.68.0
3427,1208,1.68.0
3427,1209,1.68.0
3427,1203,1.68.0
3427,1213,1.68.0
3427,1214,1.68.0
3427,1202,1.68.0
3427,1212,1.68.0
3427,1185,1.68.0
3427,1192,1.68.0
3427,1161,1.68.0
3427,1193,1.68.0
3427,1188,1.68.0
3427,1187,1.68.0
3427,1225,1.68.0
3427,1210,1.68.0
3427,2233,1.68.0
3427,1204,1.68.0
3427,1182,1.68.0
3427,1181,1.68.0
3427,1178,1.68.0
3427,1179,1.68.0
3427,1144,1.68.0
3427,515,1.68.0
3427,632,1.68.0
3427,1177,1.68.0
3427,1175,1.68.0
3427,1176,1.68.0
3427,1148,1.68.0
3427,1157,1.68.0
3427,1155,1.68.0
3427,1151,1.68.0
3427,1243,1.68.0
3427,1153,1.68.0
3427,1154,1.68.0
3427,528,1.68.0
3427,631,1.68.0
3427,1163,1.68.0
3427,1239,1.68.0
3427,1147,1.68.0
3428,1147,1.68.0
3429,515,1.68.0
3429,1144,1.68.0
3429,1228,1.68.0
3429,1226,1.68.0
3429,1227,1.68.0
3429,600,1.68.0
3429,1247,1.68.0
3429,1196,1.68.0
3429,1219,1.68.0
3429,1218,1.68.0
3429,1246,1.68.0
3429,1206,1.68.0
3429,1225,1.68.0
3429,1210,1.68.0
3429,1208,1.68.0
3429,1214,1.68.0
3429,1202,1.68.0
3429,1236,1.68.0
3429,1157,1.68.0
3429,1185,1.68.0
3429,1231,1.68.0
3429,1217,1.68.0
3429,1234,1.68.0
3429,1229,1.68.0
3429,2235,1.68.0
3429,1198,1.68.0
3429,1192,1.68.0
3429,1161,1.68.0
3429,1193,1.68.0
3429,1188,1.68.0
3429,1187,1.68.0
3429,1204,1.68.0
3429,1182,1.68.0
3429,1181,1.68.0
3429,1178,1.68.0
3429,1179,1.68.0
3429,1174,1.68.0
3429,1211,1.68.0
3429,622,1.68.0
3429,1230,1.68.0
3429,1252,1.68.0
3429,1173,1.68.0
3429,1172,1.68.0
3429,1170,1.68.0
3429,621,1.68.0
3429,1223,1.68.0
3429,1168,1.68.0
3429,1167,1.68.0
3429,1244,1.68.0
3429,1166,1.68.0
3429,1233,1.68.0
3429,1164,1.68.0
3429,1158,1.68.0
3429,1147,1.68.0
3429,1240,1.68.0
3429,1239,1.68.0
3429,1163,1.68.0
3429,1151,1.68.0
3429,1243,1.68.0
3429,631,1.68.0
3429,528,1.68.0
3429,1154,1.68.0
3429,1153,1.68.0
3429,1175,1.68.0
3429,1177,1.68.0
3429,632,1.68.0
3430,1234,1.68.0
3430,1230,1.68.0
3430,1214,1.68.0
3430,1167,1.68.0
3430,1147,1.68.0
3430,1151,1.68.0
3430,1187,1.68.0
3430,1211,1.68.0
3430,1225,1.68.0
3431,1214,1.68.0
3431,1151,1.68.0
3431,1185,1.68.0
3431,1210,1.68.0
3431,1225,1.68.0
3431,1234,1.68.0
3431,1230,1.68.0
3431,1211,1.68.0
3431,1147,1.68.0
3431,1167,1.68.0
3432,515,1.68.0
3432,1153,1.68.0
3432,528,1.68.0
3432,1154,1.68.0
3432,631,1.68.0
3432,1151,1.68.0
3432,1158,1.68.0
3432,1147,1.68.0
3432,1240,1.68.0
3432,1163,1.68.0
3432,1182,1.68.0
3432,1173,1.68.0
3432,1188,1.68.0
3432,1187,1.68.0
3432,1228,1.68.0
3432,1177,1.68.0
3432,1234,1.68.0
3432,1231,1.68.0
3432,1193,1.68.0
3432,1161,1.68.0
3432,1185,1.68.0
3432,1214,1.68.0
3432,1202,1.68.0
3432,1225,1.68.0
3432,1210,1.68.0
3432,1229,1.68.0
3432,600,1.68.0
3432,1247,1.68.0
3432,1218,1.68.0
3432,1233,1.68.0
3432,1164,1.68.0
3432,1166,1.68.0
3432,1167,1.68.0
3432,1230,1.68.0
3432,1252,1.68.0
3432,1211,1.68.0
3432,1170,1.68.0
3432,622,1.68.0
3432,1178,1.68.0
3432,1179,1.68.0
3433,1218,1.68.0
3433,1247,1.68.0
3433,600,1.68.0
3433,1229,1.68.0
3433,1170,1.68.0
3433,1167,1.68.0
3433,1147,1.68.0
3433,1158,1.68.0
3433,1151,1.68.0
3433,1154,1.68.0
3433,1166,1.68.0
3433,1164,1.68.0
3433,1233,1.68.0
3433,1163,1.68.0
3433,515,1.68.0
3433,1153,1.68.0
3433,528,1.68.0
3433,1182,1.68.0
3433,1179,1.68.0
3433,1240,1.68.0
3433,1230,1.68.0
3433,1252,1.68.0
3433,1234,1.68.0
3433,1231,1.68.0
3433,1173,1.68.0
3433,1188,1.68.0
3433,1187,1.68.0
3433,1228,1.68.0
3433,1177,1.68.0
3433,1185,1.68.0
3433,1214,1.68.0
3433,1202,1.68.0
3433,1225,1.68.0
3433,1210,1.68.0
3433,1211,1.68.0
3434,1166,1.68.0
3434,1164,1.68.0
3434,1163,1.68.0
3434,1147,1.68.0
3434,1158,1.68.0
3434,1170,1.68.0
3434,1167,1.68.0
3434,1151,1.68.0
3434,1234,1.68.0
3434,1231,1.68.0
3434,1230,1.68.0
3434,1229,1.68.0
3434,1228,1.68.0
3434,600,1.68.0
3434,1211,1.68.0
3434,1210,1.68.0
3434,1225,1.68.0
3434,1202,1.68.0
3434,1214,1.68.0
3434,1185,1.68.0
3434,528,1.68.0
3434,1187,1.68.0
3434,1188,1.68.0
3434,1173,1.68.0
3434,1182,1.68.0
3434,1179,1.68.0
3435,1225,1.68.0
3435,1202,1.68.0
3435,1214,1.68.0
3435,1185,1.68.0
3435,1187,1.68.0
3435,1153,1.68.0
3435,528,1.68.0
3435,1151,1.68.0
3435,1167,1.68.0
3435,1170,1.68.0
3435,1158,1.68.0
3435,1147,1.68.0
3435,1163,1.68.0
3435,1164,1.68.0
3435,1166,1.68.0
3435,1179,1.68.0
3435,1182,1.68.0
3435,1183,1.68.0
3435,1173,1.68.0
3435,1188,1.68.0
3435,1234,1.68.0
3435,1231,1.68.0
3435,1230,1.68.0
3435,1229,1.68.0
3435,1228,1.68.0
3435,600,1.68.0
3435,1211,1.68.0
3435,1210,1.68.0
3436,1247,1.68.0
3436,1227,1.68.0
3436,600,1.68.0
3436,1226,1.68.0
3436,1229,1.68.0
3436,1231,1.68.0
3436,1234,1.68.0
3436,1217,1.68.0
3436,1243,1.68.0
3436,1151,1.68.0
3436,1153,1.68.0
3436,528,1.68.0
3436,1154,1.68.0
3436,631,1.68.0
3436,1228,1.68.0
3436,632,1.68.0
3436,1177,1.68.0
3436,1175,1.68.0
3436,1144,1.68.0
3436,515,1.68.0
3436,1225,1.68.0
3436,1202,1.68.0
3436,1214,1.68.0
3436,1157,1.68.0
3436,1185,1.68.0
3436,1192,1.68.0
3436,1161,1.68.0
3436,1193,1.68.0
3436,1187,1.68.0
3436,1188,1.68.0
3436,1182,1.68.0
3436,1181,1.68.0
3436,1204,1.68.0
3436,1179,1.68.0
3436,1178,1.68.0
3436,1174,1.68.0
3436,622,1.68.0
3436,1211,1.68.0
3436,1252,1.68.0
3436,1230,1.68.0
3436,1172,1.68.0
3436,1163,1.68.0
3436,1239,1.68.0
3436,1240,1.68.0
3436,1147,1.68.0
3436,1158,1.68.0
3436,1233,1.68.0
3436,1164,1.68.0
3436,1244,1.68.0
3436,1166,1.68.0
3436,1223,1.68.0
3436,1168,1.68.0
3436,1167,1.68.0
3436,621,1.68.0
3436,1170,1.68.0
3436,1173,1.68.0
3436,1210,1.68.0
3436,1206,1.68.0
3436,1246,1.68.0
3436,1218,1.68.0
3436,1219,1.68.0
3436,1196,1.68.0
3437,1147,1.68.0
3437,1214,1.68.0
3437,1151,1.68.0
3437,1167,1.68.0
3438,1157,1.68.0
3438,1185,1.68.0
3438,1192,1.68.0
3438,1161,1.68.0
3438,1193,1.68.0
3438,1187,1.68.0
3438,515,1.68.0
3438,1172,1.68.0
3438,600,1.68.0
3438,1208,1.68.0
3438,1202,1.68.0
3438,1214,1.68.0
3438,631,1.68.0
3438,1154,1.68.0
3438,528,1.68.0
3438,1153,1.68.0
3438,1151,1.68.0
3438,1243,1.68.0
3438,1163,1.68.0
3438,1239,1.68.0
3438,1240,1.68.0
3438,1147,1.68.0
3438,1158,1.68.0
3438,1181,1.68.0
3438,1182,1.68.0
3438,1188,1.68.0
3438,1204,1.68.0
3438,1179,1.68.0
3438,1178,1.68.0
3438,1174,1.68.0
3438,622,1.68.0
3438,1211,1.68.0
3438,1252,1.68.0
3438,1230,1.68.0
3438,1217,1.68.0
3438,1234,1.68.0
3438,1231,1.68.0
3438,1229,1.68.0
3438,1226,1.68.0
3438,1227,1.68.0
3438,1247,1.68.0
3438,1196,1.68.0
3438,1219,1.68.0
3438,1218,1.68.0
3438,1246,1.68.0
3438,1206,1.68.0
3438,1210,1.68.0
3438,1225,1.68.0
3438,1233,1.68.0
3438,1164,1.68.0
3438,1244,1.68.0
3438,1166,1.68.0
3438,1223,1.68.0
3438,1168,1.68.0
3438,1167,1.68.0
3438,621,1.68.0
3438,1170,1.68.0
3438,1173,1.68.0
3438,1144,1.68.0
3438,1175,1.68.0
3438,1177,1.68.0
3438,632,1.68.0
3438,1228,1.68.0
3439,1147,1.68.0
3439,1167,1.68.0
3439,1219,1.68.0
3439,1196,1.68.0
3439,1225,1.68.0
3439,1210,1.68.0
3439,1151,1.68.0
3439,631,1.68.0
3439,1214,1.68.0
3439,1230,1.68.0
3439,1231,1.68.0
3439,1234,1.68.0
3439,1178,1.68.0
3439,1175,1.68.0
3439,1187,1.68.0
3439,1211,1.68.0
3439,1188,1.68.0
3439,1193,1.68.0
3439,1185,1.68.0
3440,1230,1.68.0
3440,1164,1.68.0
3440,1182,1.68.0
3440,1173,1.68.0
3440,1187,1.68.0
3440,1228,1.68.0
3440,1214,1.68.0
3440,1210,1.68.0
3440,1211,1.68.0
3440,1225,1.68.0
3440,1147,1.68.0
3440,1170,1.68.0
3440,1167,1.68.0
3440,1151,1.68.0
3440,1234,1.68.0
3440,1231,1.68.0
3440,1185,1.68.0
3441,1151,1.68.0
3441,1239,1.68.0
3441,1163,1.68.0
3441,1147,1.68.0
3441,1240,1.68.0
3441,1158,1.68.0
3441,1233,1.68.0
3441,1164,1.68.0
3441,1166,1.68.0
3441,1167,1.68.0
3441,1170,1.68.0
3441,1230,1.68.0
3441,1252,1.68.0
3441,1179,1.68.0
3441,1181,1.68.0
3441,1182,1.68.0
3441,1173,1.68.0
3441,1188,1.68.0
3441,1187,1.68.0
3441,1228,1.68.0
3441,1177,1.68.0
3441,1161,1.68.0
3441,1185,1.68.0
3441,1214,1.68.0
3441,1202,1.68.0
3441,1225,1.68.0
3441,1210,1.68.0
3441,1211,1.68.0
3441,1218,1.68.0
3441,1247,1.68.0
3441,600,1.68.0
3441,1229,1.68.0
3441,1231,1.68.0
3441,1234,1.68.0
3441,515,1.68.0
3441,1153,1.68.0
3441,528,1.68.0
3441,1154,1.68.0
3442,528,1.68.0
3442,1163,1.68.0
3442,1239,1.68.0
3442,1158,1.68.0
3442,1147,1.68.0
3442,1240,1.68.0
3442,1200,1.68.0
3442,1164,1.68.0
3442,1166,1.68.0
3442,2233,1.68.0
3442,1210,1.68.0
3442,1225,1.68.0
3442,1187,1.68.0
3442,1188,1.68.0
3442,1193,1.68.0
3442,1161,1.68.0
3442,1192,1.68.0
3442,1185,1.68.0
3442,1212,1.68.0
3442,1202,1.68.0
3442,1214,1.68.0
3442,1213,1.68.0
3442,1209,1.68.0
3442,1208,1.68.0
3442,1206,1.68.0
3442,1246,1.68.0
3442,1218,1.68.0
3442,1219,1.68.0
3442,1196,1.68.0
3442,1247,1.68.0
3442,1227,1.68.0
3442,600,1.68.0
3442,1229,1.68.0
3442,1230,1.68.0
3442,1231,1.68.0
3442,1233,1.68.0
3442,1234,1.68.0
3442,1217,1.68.0
3442,1237,1.68.0
3442,1153,1.68.0
3442,1154,1.68.0
3442,631,1.68.0
3442,1211,1.68.0
3442,622,1.68.0
3442,1252,1.68.0
3442,1173,1.68.0
3442,1172,1.68.0
3442,1226,1.68.0
3442,1171,1.68.0
3442,1170,1.68.0
3442,621,1.68.0
3442,1223,1.68.0
3442,1168,1.68.0
3442,1167,1.68.0
3442,1244,1.68.0
3442,1181,1.68.0
3442,1178,1.68.0
3442,1179,1.68.0
3442,1174,1.68.0
3442,1144,1.68.0
3442,515,1.68.0
3442,1228,1.68.0
3442,632,1.68.0
3442,1177,1.68.0
3442,1175,1.68.0
3442,1176,1.68.0
3442,1157,1.68.0
3442,1155,1.68.0
3442,1148,1.68.0
3442,1151,1.68.0
3442,1243,1.68.0
3442,1182,1.68.0
3442,1204,1.68.0
3443,1151,1.68.0
3443,1214,1.68.0
3443,1147,1.68.0
3443,1167,1.68.0
3444,1211,1.68.0
3444,2226,1.68.0
3444,600,1.68.0
3444,1147,1.68.0
3444,1164,1.68.0
3444,1179,1.68.0
3444,1188,1.68.0
3444,1151,1.68.0
3444,1167,1.68.0
3444,1170,1.68.0
3444,1234,1.68.0
3444,1158,1.68.0
3444,1231,1.68.0
3444,1230,1.68.0
3444,1229,1.68.0
3444,1214,1.68.0
3444,1187,1.68.0
3444,1185,1.68.0
3444,1225,1.68.0
3444,1210,1.68.0
3446,1210,1.68.0
3446,1225,1.68.0
3446,1214,1.68.0
3446,1151,1.68.0
3446,1211,1.68.0
3446,1230,1.68.0
3446,1147,1.68.0
3446,1234,1.68.0
3446,1167,1.68.0
3447,1147,1.68.0
3447,1163,1.68.0
3447,1233,1.68.0
3447,1164,1.68.0
3447,1166,1.68.0
3447,1167,1.68.0
3447,1170,1.68.0
3447,1230,1.68.0
3447,1252,1.68.0
3447,1179,1.68.0
3447,1182,1.68.0
3447,1173,1.68.0
3447,1188,1.68.0
3447,1187,1.68.0
3447,1228,1.68.0
3447,1177,1.68.0
3447,1185,1.68.0
3447,1214,1.68.0
3447,1202,1.68.0
3447,1225,1.68.0
3447,1210,1.68.0
3447,1211,1.68.0
3447,1218,1.68.0
3447,1247,1.68.0
3447,600,1.68.0
3447,1229,1.68.0
3447,1231,1.68.0
3447,1234,1.68.0
3447,515,1.68.0
3447,1153,1.68.0
3447,528,1.68.0
3447,1154,1.68.0
3447,1151,1.68.0
3447,1158,1.68.0
3447,1240,1.68.0
3448,1147,1.68.0
3449,1209,1.68.0
3449,1206,1.68.0
3449,1246,1.68.0
3449,1218,1.68.0
3449,1172,1.68.0
3449,1173,1.68.0
3449,1144,1.68.0
3449,515,1.68.0
3449,1177,1.68.0
3449,1175,1.68.0
3449,1176,1.68.0
3449,1148,1.68.0
3449,1157,1.68.0
3449,1155,1.68.0
3449,1162,1.68.0
3449,1151,1.68.0
3449,1243,1.68.0
3449,1153,1.68.0
3449,1154,1.68.0
3449,528,1.68.0
3449,631,1.68.0
3449,1252,1.68.0
3449,622,1.68.0
3449,1211,1.68.0
3449,1174,1.68.0
3449,1179,1.68.0
3449,1183,1.68.0
3449,1158,1.68.0
3449,1163,1.68.0
3449,1147,1.68.0
3449,1240,1.68.0
3449,1200,1.68.0
3449,1164,1.68.0
3449,1166,1.68.0
3449,1244,1.68.0
3449,1167,1.68.0
3449,1168,1.68.0
3449,1223,1.68.0
3449,621,1.68.0
3449,1170,1.68.0
3449,1171,1.68.0
3449,1237,1.68.0
3449,1217,1.68.0
3449,1235,1.68.0
3449,1234,1.68.0
3449,1233,1.68.0
3449,2230,1.68.0
3449,1190,1.68.0
3449,1231,1.68.0
3449,1230,1.68.0
3449,1229,1.68.0
3449,1228,1.68.0
3449,1227,1.68.0
3449,1226,1.68.0
3449,1225,1.68.0
3449,632,1.68.0
3449,600,1.68.0
3449,1247,1.68.0
3449,1196,1.68.0
3449,1219,1.68.0
3449,1178,1.68.0
3449,1180,1.68.0
3449,1181,1.68.0
3449,1182,1.68.0
3449,1239,1.68.0
3449,1204,1.68.0
3449,2233,1.68.0
3449,1210,1.68.0
3449,1187,1.68.0
3449,1188,1.68.0
3449,1193,1.68.0
3449,1161,1.68.0
3449,1192,1.68.0
3449,1195,1.68.0
3449,1185,1.68.0
3449,1212,1.68.0
3449,1199,1.68.0
3449,1202,1.68.0
3449,1214,1.68.0
3449,1213,1.68.0
3449,1208,1.68.0
3449,1203,1.68.0
3450,1185,1.68.0
3450,1217,1.68.0
3450,1234,1.68.0
3450,1231,1.68.0
3450,1229,1.68.0
3450,1226,1.68.0
3450,600,1.68.0
3450,1227,1.68.0
3450,1247,1.68.0
3450,1196,1.68.0
3450,1219,1.68.0
3450,1218,1.68.0
3450,1246,1.68.0
3450,1206,1.68.0
3450,1210,1.68.0
3450,1225,1.68.0
3450,1208,1.68.0
3450,1202,1.68.0
3450,1214,1.68.0
3450,1157,1.68.0
3450,1192,1.68.0
3450,1161,1.68.0
3450,1193,1.68.0
3450,1187,1.68.0
3450,1188,1.68.0
3450,1182,1.68.0
3450,1181,1.68.0
3450,1204,1.68.0
3450,1179,1.68.0
3450,1178,1.68.0
3450,1174,1.68.0
3450,622,1.68.0
3450,1211,1.68.0
3450,1252,1.68.0
3450,1230,1.68.0
3450,1172,1.68.0
3450,1173,1.68.0
3450,1170,1.68.0
3450,621,1.68.0
3450,1167,1.68.0
3450,1168,1.68.0
3450,1223,1.68.0
3450,1166,1.68.0
3450,1244,1.68.0
3450,1164,1.68.0
3450,1233,1.68.0
3450,1158,1.68.0
3450,1147,1.68.0
3450,1240,1.68.0
3450,1239,1.68.0
3450,1163,1.68.0
3450,1243,1.68.0
3450,1151,1.68.0
3450,1153,1.68.0
3450,528,1.68.0
3450,1154,1.68.0
3450,631,1.68.0
3450,1228,1.68.0
3450,632,1.68.0
3450,1177,1.68.0
3450,1175,1.68.0
3450,1144,1.68.0
3450,515,1.68.0
3451,1231,1.68.0
3451,1157,1.68.0
3451,1185,1.68.0
3451,1195,1.68.0
3451,1192,1.68.0
3451,1161,1.68.0
3451,1193,1.68.0
3451,1188,1.68.0
3451,1187,1.68.0
3451,1204,1.68.0
3451,1182,1.68.0
3451,1181,1.68.0
3451,1179,1.68.0
3451,1178,1.68.0
3451,1180,1.68.0
3451,1174,1.68.0
3451,1211,1.68.0
3451,622,1.68.0
3451,1230,1.68.0
3451,1252,1.68.0
3451,1173,1.68.0
3451,1172,1.68.0
3451,1170,1.68.0
3451,621,1.68.0
3451,1223,1.68.0
3451,1168,1.68.0
3451,1167,1.68.0
3451,1244,1.68.0
3451,1166,1.68.0
3451,1233,1.68.0
3451,1164,1.68.0
3451,1158,1.68.0
3451,1147,1.68.0
3451,1240,1.68.0
3451,1239,1.68.0
3451,1163,1.68.0
3451,1151,1.68.0
3451,1243,1.68.0
3451,631,1.68.0
3451,528,1.68.0
3451,1154,1.68.0
3451,1153,1.68.0
3451,1175,1.68.0
3451,1177,1.68.0
3451,632,1.68.0
3451,1228,1.68.0
3451,515,1.68.0
3451,1144,1.68.0
3451,1202,1.68.0
3451,1217,1.68.0
3451,1234,1.68.0
3451,1214,1.68.0
3451,1208,1.68.0
3451,1210,1.68.0
3451,1225,1.68.0
3451,1206,1.68.0
3451,1246,1.68.0
3451,1218,1.68.0
3451,1219,1.68.0
3451,1196,1.68.0
3451,1247,1.68.0
3451,600,1.68.0
3451,1227,1.68.0
3451,1226,1.68.0
3451,1229,1.68.0
3453,1214,1.68.0
3453,1151,1.68.0
3453,1167,1.68.0
3453,1170,1.68.0
3453,1147,1.68.0
3453,1185,1.68.0
3453,1188,1.68.0
3453,1210,1.68.0
3453,1225,1.68.0
3453,1211,1.68.0
3453,1230,1.68.0
3453,1234,1.68.0
3454,1225,1.68.0
3454,1210,1.68.0
3454,1211,1.68.0
3454,600,1.68.0
3454,1214,1.68.0
3454,1229,1.68.0
3454,1230,1.68.0
3454,1231,1.68.0
3454,1234,1.68.0
3454,1151,1.68.0
3454,1167,1.68.0
3454,1170,1.68.0
3454,1158,1.68.0
3454,1147,1.68.0
3454,1185,1.68.0
3454,1164,1.68.0
3454,1188,1.68.0
3454,1187,1.68.0
3455,1214,1.68.0
3455,1225,1.68.0
3455,1210,1.68.0
3455,1211,1.68.0
3455,1230,1.68.0
3455,1234,1.68.0
3455,1151,1.68.0
3455,1167,1.68.0
3455,1170,1.68.0
3455,1147,1.68.0
3455,1185,1.68.0
3456,1240,1.68.0
3456,1158,1.68.0
3456,1233,1.68.0
3456,1164,1.68.0
3456,1166,1.68.0
3456,1167,1.68.0
3456,1170,1.68.0
3456,1230,1.68.0
3456,1252,1.68.0
3456,1179,1.68.0
3456,1182,1.68.0
3456,1173,1.68.0
3456,1188,1.68.0
3456,1187,1.68.0
3456,1228,1.68.0
3456,1177,1.68.0
3456,1161,1.68.0
3456,1192,1.68.0
3456,1185,1.68.0
3456,600,1.68.0
3456,1231,1.68.0
3456,1234,1.68.0
3456,515,1.68.0
3456,1153,1.68.0
3456,528,1.68.0
3456,1154,1.68.0
3456,1151,1.68.0
3456,1239,1.68.0
3456,1163,1.68.0
3456,1147,1.68.0
3456,1218,1.68.0
3456,1247,1.68.0
3456,1229,1.68.0
3456,1214,1.68.0
3456,1202,1.68.0
3456,1225,1.68.0
3456,1210,1.68.0
3456,1211,1.68.0
3457,1147,1.68.0
3457,1151,1.68.0
3457,1167,1.68.0
3458,1231,1.68.0
3458,515,1.68.0
3458,1153,1.68.0
3458,528,1.68.0
3458,1154,1.68.0
3458,1151,1.68.0
3458,1158,1.68.0
3458,1147,1.68.0
3458,1240,1.68.0
3458,1163,1.68.0
3458,1233,1.68.0
3458,1164,1.68.0
3458,1166,1.68.0
3458,1167,1.68.0
3458,1170,1.68.0
3458,1230,1.68.0
3458,1252,1.68.0
3458,1179,1.68.0
3458,1182,1.68.0
3458,1173,1.68.0
3458,1188,1.68.0
3458,1187,1.68.0
3458,1228,1.68.0
3458,1177,1.68.0
3458,1185,1.68.0
3458,1214,1.68.0
3458,1202,1.68.0
3458,1225,1.68.0
3458,1210,1.68.0
3458,1211,1.68.0
3458,1206,1.68.0
3458,1218,1.68.0
3458,1247,1.68.0
3458,600,1.68.0
3458,1229,1.68.0
3458,1234,1.68.0
3459,1151,1.68.0
3459,1234,1.68.0
3459,1230,1.68.0
3459,1211,1.68.0
3459,1225,1.68.0
3459,1210,1.68.0
3459,1167,1.68.0
3459,1170,1.68.0
3459,1214,1.68.0
3459,1185,1.68.0
3459,1195,1.68.0
3459,1147,1.68.0
3460,1185,1.68.0
3460,1147,1.68.0
3460,1167,1.68.0
3460,1178,1.68.0
3460,631,1.68.0
3460,1151,1.68.0
3460,1234,1.68.0
3460,1231,1.68.0
3460,1230,1.68.0
3460,1214,1.68.0
3460,1196,1.68.0
3460,1219,1.68.0
3460,1211,1.68.0
3460,1225,1.68.0
3460,1210,1.68.0
3460,1187,1.68.0
3460,1188,1.68.0
3461,1210,1.68.0
3461,1147,1.68.0
3462,1167,1.68.0
3462,1168,1.68.0
3462,1223,1.68.0
3462,1166,1.68.0
3462,1244,1.68.0
3462,1164,1.68.0
3462,1233,1.68.0
3462,1158,1.68.0
3462,1147,1.68.0
3462,1240,1.68.0
3462,1239,1.68.0
3462,1163,1.68.0
3462,1243,1.68.0
3462,1151,1.68.0
3462,1153,1.68.0
3462,528,1.68.0
3462,1154,1.68.0
3462,631,1.68.0
3462,1228,1.68.0
3462,632,1.68.0
3462,1177,1.68.0
3462,1175,1.68.0
3462,1144,1.68.0
3462,515,1.68.0
3462,1247,1.68.0
3462,1227,1.68.0
3462,600,1.68.0
3462,1229,1.68.0
3462,1231,1.68.0
3462,1234,1.68.0
3462,1217,1.68.0
3462,1196,1.68.0
3462,1226,1.68.0
3462,1219,1.68.0
3462,1218,1.68.0
3462,1246,1.68.0
3462,1206,1.68.0
3462,1210,1.68.0
3462,1225,1.68.0
3462,1208,1.68.0
3462,1202,1.68.0
3462,1214,1.68.0
3462,1157,1.68.0
3462,1185,1.68.0
3462,1192,1.68.0
3462,1161,1.68.0
3462,1193,1.68.0
3462,1187,1.68.0
3462,1188,1.68.0
3462,1182,1.68.0
3462,1181,1.68.0
3462,1204,1.68.0
3462,1179,1.68.0
3462,1178,1.68.0
3462,1174,1.68.0
3462,622,1.68.0
3462,1211,1.68.0
3462,1252,1.68.0
3462,1230,1.68.0
3462,1172,1.68.0
3462,1173,1.68.0
3462,1170,1.68.0
3462,621,1.68.0
3463,1234,1.68.0
3463,1230,1.68.0
3463,1214,1.68.0
3463,1211,1.68.0
3463,1210,1.68.0
3463,1225,1.68.0
3463,1187,1.68.0
3463,1188,1.68.0
3463,1164,1.68.0
3463,1185,1.68.0
3463,1147,1.68.0
3463,1170,1.68.0
3463,1167,1.68.0
3463,1151,1.68.0
3464,1239,1.68.0
3464,1192,1.68.0
3464,1185,1.68.0
3464,1157,1.68.0
3464,1214,1.68.0
3464,1202,1.68.0
3464,1208,1.68.0
3464,1225,1.68.0
3464,1210,1.68.0
3464,1246,1.68.0
3464,1218,1.68.0
3464,1219,1.68.0
3464,1196,1.68.0
3464,1247,1.68.0
3464,1227,1.68.0
3464,600,1.68.0
3464,1226,1.68.0
3464,632,1.68.0
3464,1228,1.68.0
3464,631,1.68.0
3464,1154,1.68.0
3464,528,1.68.0
3464,1153,1.68.0
3464,1151,1.68.0
3464,1243,1.68.0
3464,1163,1.68.0
3464,1206,1.68.0
3464,512,1.68.0
3464,1147,1.68.0
3464,1158,1.68.0
3464,1240,1.68.0
3464,1233,1.68.0
3464,1164,1.68.0
3464,1244,1.68.0
3464,1229,1.68.0
3464,1231,1.68.0
3464,1234,1.68.0
3464,1217,1.68.0
3464,1166,1.68.0
3464,1223,1.68.0
3464,622,1.68.0
3464,1174,1.68.0
3464,1178,1.68.0
3464,1179,1.68.0
3464,1204,1.68.0
3464,1181,1.68.0
3464,1182,1.68.0
3464,1188,1.68.0
3464,1187,1.68.0
3464,1193,1.68.0
3464,1168,1.68.0
3464,1167,1.68.0
3464,621,1.68.0
3464,1170,1.68.0
3464,1173,1.68.0
3464,1172,1.68.0
3464,1230,1.68.0
3464,1252,1.68.0
3464,1211,1.68.0
3464,515,1.68.0
3464,1144,1.68.0
3464,1175,1.68.0
3464,1177,1.68.0
3464,1161,1.68.0
3465,600,1.68.0
3465,1234,1.68.0
3465,1230,1.68.0
3465,1151,1.68.0
3465,1202,1.68.0
3465,1185,1.68.0
3465,1147,1.68.0
3465,1170,1.68.0
3465,1214,1.68.0
3465,1188,1.68.0
3465,1225,1.68.0
3465,1210,1.68.0
3465,1211,1.68.0
3465,1167,1.68.0
3466,1234,1.68.0
3466,1147,1.68.0
3466,1185,1.68.0
3466,1214,1.68.0
3466,1225,1.68.0
3466,1210,1.68.0
3466,1211,1.68.0
3466,1230,1.68.0
3466,1151,1.68.0
3466,1167,1.68.0
3467,1167,1.68.0
3467,1151,1.68.0
3467,1214,1.68.0
3467,1147,1.68.0
3467,1230,1.68.0
3467,1211,1.68.0
3467,1225,1.68.0
3468,1210,1.68.0
3468,2233,1.68.0
3468,1204,1.68.0
3468,622,1.68.0
3468,1252,1.68.0
3468,1173,1.68.0
3468,1172,1.68.0
3468,1226,1.68.0
3468,1171,1.68.0
3468,1170,1.68.0
3468,621,1.68.0
3468,1223,1.68.0
3468,1168,1.68.0
3468,1167,1.68.0
3468,1244,1.68.0
3468,1166,1.68.0
3468,1164,1.68.0
3468,1200,1.68.0
3468,1240,1.68.0
3468,1147,1.68.0
3468,1158,1.68.0
3468,1239,1.68.0
3468,1163,1.68.0
3468,631,1.68.0
3468,528,1.68.0
3468,1154,1.68.0
3468,1153,1.68.0
3468,1243,1.68.0
3468,1202,1.68.0
3468,1151,1.68.0
3468,1148,1.68.0
3468,1155,1.68.0
3468,1157,1.68.0
3468,1176,1.68.0
3468,1175,1.68.0
3468,1177,1.68.0
3468,632,1.68.0
3468,1228,1.68.0
3468,515,1.68.0
3468,1144,1.68.0
3468,1237,1.68.0
3468,1217,1.68.0
3468,1234,1.68.0
3468,1233,1.68.0
3468,1231,1.68.0
3468,1230,1.68.0
3468,1229,1.68.0
3468,600,1.68.0
3468,1227,1.68.0
3468,1247,1.68.0
3468,1196,1.68.0
3468,1219,1.68.0
3468,1218,1.68.0
3468,1246,1.68.0
3468,1206,1.68.0
3468,1208,1.68.0
3468,1209,1.68.0
3468,1203,1.68.0
3468,1213,1.68.0
3468,1214,1.68.0
3468,1182,1.68.0
3468,1181,1.68.0
3468,1178,1.68.0
3468,1179,1.68.0
3468,1174,1.68.0
3468,1211,1.68.0
3468,1185,1.68.0
3468,1192,1.68.0
3468,1161,1.68.0
3468,1193,1.68.0
3468,1188,1.68.0
3468,1187,1.68.0
3468,1225,1.68.0
3469,1144,1.68.0
3469,1151,1.68.0
3469,1243,1.68.0
3469,1153,1.68.0
3469,1154,1.68.0
3469,528,1.68.0
3469,631,1.68.0
3469,1163,1.68.0
3469,1239,1.68.0
3469,1158,1.68.0
3469,1147,1.68.0
3469,1240,1.68.0
3469,1200,1.68.0
3469,1164,1.68.0
3469,1166,1.68.0
3469,1244,1.68.0
3469,1167,1.68.0
3469,1168,1.68.0
3469,1223,1.68.0
3469,621,1.68.0
3469,1170,1.68.0
3469,1171,1.68.0
3469,1226,1.68.0
3469,1172,1.68.0
3469,1173,1.68.0
3469,1252,1.68.0
3469,622,1.68.0
3469,1211,1.68.0
3469,1174,1.68.0
3469,1212,1.68.0
3469,1202,1.68.0
3469,1214,1.68.0
3469,1213,1.68.0
3469,1203,1.68.0
3469,1209,1.68.0
3469,1208,1.68.0
3469,1206,1.68.0
3469,1246,1.68.0
3469,1218,1.68.0
3469,1219,1.68.0
3469,1196,1.68.0
3469,1247,1.68.0
3469,1227,1.68.0
3469,600,1.68.0
3469,1228,1.68.0
3469,1229,1.68.0
3469,1230,1.68.0
3469,1231,1.68.0
3469,1233,1.68.0
3469,1234,1.68.0
3469,1217,1.68.0
3469,1237,1.68.0
3469,1179,1.68.0
3469,1178,1.68.0
3469,1181,1.68.0
3469,1182,1.68.0
3469,1204,1.68.0
3469,2233,1.68.0
3469,1210,1.68.0
3469,1225,1.68.0
3469,1187,1.68.0
3469,1188,1.68.0
3469,1193,1.68.0
3469,1161,1.68.0
3469,1192,1.68.0
3469,1185,1.68.0
3469,1155,1.68.0
3469,1157,1.68.0
3469,1148,1.68.0
3469,1176,1.68.0
3469,1175,1.68.0
3469,1177,1.68.0
3469,632,1.68.0
3469,515,1.68.0
3470,1158,1.68.0
3470,1188,1.68.0
3470,1187,1.68.0
3470,1228,1.68.0
3470,1177,1.68.0
3470,1161,1.68.0
3470,1192,1.68.0
3470,1182,1.68.0
3470,1181,1.68.0
3470,1179,1.68.0
3470,1252,1.68.0
3470,1230,1.68.0
3470,1170,1.68.0
3470,1167,1.68.0
3470,1148,1.68.0
3470,1153,1.68.0
3470,528,1.68.0
3470,1154,1.68.0
3470,1151,1.68.0
3470,1239,1.68.0
3470,1166,1.68.0
3470,1185,1.68.0
3470,1214,1.68.0
3470,1202,1.68.0
3470,1225,1.68.0
3470,1210,1.68.0
3470,1211,1.68.0
3470,1218,1.68.0
3470,1247,1.68.0
3470,600,1.68.0
3470,1226,1.68.0
3470,1229,1.68.0
3470,1231,1.68.0
3470,1234,1.68.0
3470,1164,1.68.0
3470,1233,1.68.0
3470,1173,1.68.0
3470,1147,1.68.0
3470,1240,1.68.0
3470,515,1.68.0
3470,1163,1.68.0
3471,1211,1.68.0
3471,1230,1.68.0
3471,1167,1.68.0
3471,1151,1.68.0
3471,1214,1.68.0
3471,1147,1.68.0
3472,1151,1.68.0
3472,1234,1.68.0
3472,1230,1.68.0
3472,1214,1.68.0
3472,1211,1.68.0
3472,1210,1.68.0
3472,1225,1.68.0
3472,1177,1.68.0
3472,1187,1.68.0
3472,1188,1.68.0
3472,1164,1.68.0
3472,1185,1.68.0
3472,1147,1.68.0
3472,1170,1.68.0
3472,1167,1.68.0
3473,1234,1.68.0
3473,1182,1.68.0
3473,1166,1.68.0
3473,1210,1.68.0
3473,1185,1.68.0
3473,528,1.68.0
3473,1187,1.68.0
3473,1188,1.68.0
3473,1225,1.68.0
3473,1167,1.68.0
3473,1170,1.68.0
3473,1163,1.68.0
3473,1173,1.68.0
3473,1147,1.68.0
3473,600,1.68.0
3473,1228,1.68.0
3473,1211,1.68.0
3473,1230,1.68.0
3473,1231,1.68.0
3473,1164,1.68.0
3473,1202,1.68.0
3473,1214,1.68.0
3473,1151,1.68.0
3474,1214,1.68.0
3474,1167,1.68.0
3474,1147,1.68.0
3474,1185,1.68.0
3474,1151,1.68.0
3474,1234,1.68.0
3474,1230,1.68.0
3474,1211,1.68.0
3474,1210,1.68.0
3474,1225,1.68.0
3475,1211,1.68.0
3476,1151,1.68.0
3476,1154,1.68.0
3476,528,1.68.0
3476,631,1.68.0
3476,1153,1.68.0
3476,1229,1.68.0
3476,1226,1.68.0
3476,1204,1.68.0
3476,1227,1.68.0
3476,1247,1.68.0
3476,1196,1.68.0
3476,1219,1.68.0
3476,1218,1.68.0
3476,1206,1.68.0
3476,1210,1.68.0
3476,1225,1.68.0
3476,1208,1.68.0
3476,1202,1.68.0
3476,1214,1.68.0
3476,1157,1.68.0
3476,1185,1.68.0
3476,1192,1.68.0
3476,1161,1.68.0
3476,1193,1.68.0
3476,1187,1.68.0
3476,1188,1.68.0
3476,1182,1.68.0
3476,1181,1.68.0
3476,600,1.68.0
3476,1179,1.68.0
3476,1178,1.68.0
3476,1174,1.68.0
3476,622,1.68.0
3476,1211,1.68.0
3476,1252,1.68.0
3476,1230,1.68.0
3476,1172,1.68.0
3476,1173,1.68.0
3476,1170,1.68.0
3476,621,1.68.0
3476,1167,1.68.0
3476,1168,1.68.0
3476,1223,1.68.0
3476,1166,1.68.0
3476,1244,1.68.0
3476,1164,1.68.0
3476,1233,1.68.0
3476,1240,1.68.0
3476,1217,1.68.0
3476,1234,1.68.0
3476,1231,1.68.0
3476,1158,1.68.0
3476,1147,1.68.0
3476,1239,1.68.0
3476,1163,1.68.0
3476,515,1.68.0
3476,1144,1.68.0
3476,1175,1.68.0
3476,1228,1.68.0
3476,632,1.68.0
3476,1177,1.68.0
3476,1243,1.68.0
3477,1225,1.68.0
3477,1163,1.68.0
3477,1240,1.68.0
3477,1147,1.68.0
3477,1158,1.68.0
3477,1234,1.68.0
3477,1231,1.68.0
3477,1229,1.68.0
3477,600,1.68.0
3477,1247,1.68.0
3477,1211,1.68.0
3477,1210,1.68.0
3477,1202,1.68.0
3477,1214,1.68.0
3477,1185,1.68.0
3477,1151,1.68.0
3477,1154,1.68.0
3477,528,1.68.0
3477,1153,1.68.0
3477,515,1.68.0
3477,1177,1.68.0
3477,1228,1.68.0
3477,1187,1.68.0
3477,1188,1.68.0
3477,1173,1.68.0
3477,1182,1.68.0
3477,1179,1.68.0
3477,1252,1.68.0
3477,1230,1.68.0
3477,1170,1.68.0
3477,1167,1.68.0
3477,1166,1.68.0
3477,1164,1.68.0
3477,1233,1.68.0
3478,1252,1.68.0
3478,1211,1.68.0
3478,1217,1.68.0
3478,1234,1.68.0
3478,1231,1.68.0
3478,1229,1.68.0
3478,1226,1.68.0
3478,600,1.68.0
3478,1227,1.68.0
3478,1247,1.68.0
3478,1196,1.68.0
3478,1219,1.68.0
3478,1218,1.68.0
3478,1246,1.68.0
3478,1206,1.68.0
3478,1210,1.68.0
3478,1225,1.68.0
3478,1208,1.68.0
3478,1202,1.68.0
3478,1214,1.68.0
3478,1157,1.68.0
3478,1185,1.68.0
3478,1192,1.68.0
3478,1161,1.68.0
3478,1193,1.68.0
3478,1187,1.68.0
3478,1188,1.68.0
3478,1182,1.68.0
3478,1181,1.68.0
3478,1204,1.68.0
3478,1179,1.68.0
3478,1178,1.68.0
3478,1174,1.68.0
3478,622,1.68.0
3478,515,1.68.0
3478,1144,1.68.0
3478,1175,1.68.0
3478,1177,1.68.0
3478,632,1.68.0
3478,1228,1.68.0
3478,631,1.68.0
3478,1154,1.68.0
3478,528,1.68.0
3478,1153,1.68.0
3478,1151,1.68.0
3478,1243,1.68.0
3478,1163,1.68.0
3478,1239,1.68.0
3478,1240,1.68.0
3478,1147,1.68.0
3478,1158,1.68.0
3478,1233,1.68.0
3478,1164,1.68.0
3478,1244,1.68.0
3478,1166,1.68.0
3478,1223,1.68.0
3478,1168,1.68.0
3478,1167,1.68.0
3478,621,1.68.0
3478,1170,1.68.0
3478,1173,1.68.0
3478,1172,1.68.0
3478,1230,1.68.0
3479,1147,1.68.0
3479,1151,1.68.0
3480,1225,1.68.0
3480,515,1.68.0
3480,1144,1.68.0
3480,1175,1.68.0
3480,1177,1.68.0
3480,632,1.68.0
3480,1228,1.68.0
3480,631,1.68.0
3480,1154,1.68.0
3480,528,1.68.0
3480,1153,1.68.0
3480,1151,1.68.0
3480,1243,1.68.0
3480,1163,1.68.0
3480,1239,1.68.0
3480,1240,1.68.0
3480,1233,1.68.0
3480,1210,1.68.0
3480,1206,1.68.0
3480,1246,1.68.0
3480,1218,1.68.0
3480,1147,1.68.0
3480,1158,1.68.0
3480,1204,1.68.0
3480,1179,1.68.0
3480,1178,1.68.0
3480,1174,1.68.0
3480,622,1.68.0
3480,1211,1.68.0
3480,1252,1.68.0
3480,1230,1.68.0
3480,1172,1.68.0
3480,1173,1.68.0
3480,1170,1.68.0
3480,621,1.68.0
3480,1167,1.68.0
3480,1168,1.68.0
3480,1223,1.68.0
3480,1166,1.68.0
3480,1244,1.68.0
3480,1164,1.68.0
3480,1219,1.68.0
3480,1196,1.68.0
3480,1247,1.68.0
3480,1227,1.68.0
3480,600,1.68.0
3480,1226,1.68.0
3480,1229,1.68.0
3480,1231,1.68.0
3480,1234,1.68.0
3480,1217,1.68.0
3480,1208,1.68.0
3480,1202,1.68.0
3480,1214,1.68.0
3480,1157,1.68.0
3480,1185,1.68.0
3480,1192,1.68.0
3480,1161,1.68.0
3480,1193,1.68.0
3480,1187,1.68.0
3480,1188,1.68.0
3480,1182,1.68.0
3480,1181,1.68.0
3481,1151,1.68.0
3481,1167,1.68.0
3481,1170,1.68.0
3481,1147,1.68.0
3481,1240,1.68.0
3481,1164,1.68.0
3481,1188,1.68.0
3481,1187,1.68.0
3481,1228,1.68.0
3481,1177,1.68.0
3481,1185,1.68.0
3481,1225,1.68.0
3481,1210,1.68.0
3481,1211,1.68.0
3481,600,1.68.0
3481,1214,1.68.0
3481,1230,1.68.0
3481,1234,1.68.0
3482,1202,1.68.0
3482,1153,1.68.0
3482,631,1.68.0
3482,528,1.68.0
3482,1154,1.68.0
3482,1151,1.68.0
3482,1243,1.68.0
3482,1177,1.68.0
3482,632,1.68.0
3482,1228,1.68.0
3482,1175,1.68.0
3482,1144,1.68.0
3482,515,1.68.0
3482,1148,1.68.0
3482,1163,1.68.0
3482,1239,1.68.0
3482,1158,1.68.0
3482,1147,1.68.0
3482,1240,1.68.0
3482,1233,1.68.0
3482,1164,1.68.0
3482,1244,1.68.0
3482,1166,1.68.0
3482,1223,1.68.0
3482,1168,1.68.0
3482,1167,1.68.0
3482,621,1.68.0
3482,1170,1.68.0
3482,1173,1.68.0
3482,1172,1.68.0
3482,1230,1.68.0
3482,1252,1.68.0
3482,1211,1.68.0
3482,622,1.68.0
3482,1174,1.68.0
3482,1178,1.68.0
3482,1179,1.68.0
3482,1204,1.68.0
3482,1181,1.68.0
3482,1182,1.68.0
3482,1188,1.68.0
3482,1187,1.68.0
3482,1193,1.68.0
3482,1161,1.68.0
3482,1192,1.68.0
3482,1185,1.68.0
3482,1157,1.68.0
3482,1214,1.68.0
3482,1208,1.68.0
3482,1225,1.68.0
3482,1210,1.68.0
3482,1206,1.68.0
3482,1246,1.68.0
3482,1218,1.68.0
3482,1219,1.68.0
3482,1196,1.68.0
3482,1247,1.68.0
3482,1227,1.68.0
3482,600,1.68.0
3482,1226,1.68.0
3482,1229,1.68.0
3482,1231,1.68.0
3482,1234,1.68.0
3482,1217,1.68.0
3483,1167,1.68.0
3483,1147,1.68.0
3483,1214,1.68.0
3483,1252,1.68.0
3483,1230,1.68.0
3483,1188,1.68.0
3483,600,1.68.0
3483,1225,1.68.0
3483,1210,1.68.0
3483,1211,1.68.0
3483,1228,1.68.0
3483,1151,1.68.0
3484,1158,1.68.0
3484,1147,1.68.0
3484,1185,1.68.0
3484,1164,1.68.0
3484,1187,1.68.0
3484,1188,1.68.0
3484,1225,1.68.0
3484,1210,1.68.0
3484,1211,1.68.0
3484,600,1.68.0
3484,1214,1.68.0
3484,1234,1.68.0
3484,1229,1.68.0
3484,1151,1.68.0
3484,1167,1.68.0
3484,1170,1.68.0
3484,1230,1.68.0
3485,621,1.68.0
3485,1170,1.68.0
3485,1171,1.68.0
3485,1226,1.68.0
3485,1172,1.68.0
3485,1173,1.68.0
3485,1252,1.68.0
3485,622,1.68.0
3485,1211,1.68.0
3485,1174,1.68.0
3485,1179,1.68.0
3485,1178,1.68.0
3485,1181,1.68.0
3485,1182,1.68.0
3485,1204,1.68.0
3485,1187,1.68.0
3485,1188,1.68.0
3485,1193,1.68.0
3485,1161,1.68.0
3485,1192,1.68.0
3485,1185,1.68.0
3485,1212,1.68.0
3485,1214,1.68.0
3485,1213,1.68.0
3485,1203,1.68.0
3485,1209,1.68.0
3485,1208,1.68.0
3485,1210,1.68.0
3485,1225,1.68.0
3485,1206,1.68.0
3485,1246,1.68.0
3485,1218,1.68.0
3485,1219,1.68.0
3485,1196,1.68.0
3485,1227,1.68.0
3485,600,1.68.0
3485,1229,1.68.0
3485,1230,1.68.0
3485,1231,1.68.0
3485,1233,1.68.0
3485,1234,1.68.0
3485,1217,1.68.0
3485,1237,1.68.0
3485,1247,1.68.0
3485,1202,1.68.0
3485,1148,1.68.0
3485,1157,1.68.0
3485,1155,1.68.0
3485,1228,1.68.0
3485,632,1.68.0
3485,1177,1.68.0
3485,1175,1.68.0
3485,1176,1.68.0
3485,515,1.68.0
3485,1144,1.68.0
3485,1151,1.68.0
3485,1243,1.68.0
3485,1153,1.68.0
3485,1154,1.68.0
3485,528,1.68.0
3485,631,1.68.0
3485,1239,1.68.0
3485,1158,1.68.0
3485,1163,1.68.0
3485,1147,1.68.0
3485,1240,1.68.0
3485,1200,1.68.0
3485,1164,1.68.0
3485,1166,1.68.0
3485,1244,1.68.0
3485,1167,1.68.0
3485,1168,1.68.0
3485,1223,1.68.0
3486,1167,1.68.0
3486,1151,1.68.0
3486,1214,1.68.0
3486,1147,1.68.0
3486,1211,1.68.0
3486,1230,1.68.0
3487,1246,1.68.0
3487,1153,1.68.0
3487,631,1.68.0
3487,528,1.68.0
3487,1154,1.68.0
3487,1151,1.68.0
3487,1243,1.68.0
3487,632,1.68.0
3487,1177,1.68.0
3487,1228,1.68.0
3487,1175,1.68.0
3487,1144,1.68.0
3487,515,1.68.0
3487,1163,1.68.0
3487,1239,1.68.0
3487,1158,1.68.0
3487,1147,1.68.0
3487,1240,1.68.0
3487,1233,1.68.0
3487,1164,1.68.0
3487,1166,1.68.0
3487,1223,1.68.0
3487,1168,1.68.0
3487,1167,1.68.0
3487,621,1.68.0
3487,1170,1.68.0
3487,1173,1.68.0
3487,1172,1.68.0
3487,1230,1.68.0
3487,1252,1.68.0
3487,1211,1.68.0
3487,622,1.68.0
3487,1174,1.68.0
3487,1178,1.68.0
3487,1179,1.68.0
3487,1204,1.68.0
3487,1181,1.68.0
3487,1182,1.68.0
3487,1188,1.68.0
3487,1187,1.68.0
3487,1193,1.68.0
3487,1161,1.68.0
3487,1192,1.68.0
3487,1185,1.68.0
3487,1157,1.68.0
3487,1214,1.68.0
3487,1202,1.68.0
3487,1208,1.68.0
3487,1225,1.68.0
3487,1210,1.68.0
3487,1206,1.68.0
3487,1218,1.68.0
3487,1219,1.68.0
3487,1196,1.68.0
3487,1247,1.68.0
3487,1227,1.68.0
3487,600,1.68.0
3487,1226,1.68.0
3487,1229,1.68.0
3487,1231,1.68.0
3487,1234,1.68.0
3487,1217,1.68.0
3488,1230,1.68.0
3488,1211,1.68.0
3488,1210,1.68.0
3488,1225,1.68.0
3488,1188,1.68.0
3488,1214,1.68.0
3488,1147,1.68.0
3488,1167,1.68.0
3488,1151,1.68.0
3489,1244,1.68.0
3489,1240,1.68.0
3489,1147,1.68.0
3489,1158,1.68.0
3489,1239,1.68.0
3489,1163,1.68.0
3489,1153,1.68.0
3489,528,1.68.0
3489,1154,1.68.0
3489,631,1.68.0
3489,1151,1.68.0
3489,3,*
3489,1228,1.68.0
3489,632,1.68.0
3489,1177,1.68.0
3489,1175,1.68.0
3489,515,1.68.0
3489,1144,1.68.0
3489,1233,1.68.0
3489,1164,1.68.0
3489,4,*
3489,1230,1.68.0
3489,1172,1.68.0
3489,1173,1.68.0
3489,1170,1.68.0
3489,621,1.68.0
3489,1167,1.68.0
3489,1168,1.68.0
3489,1223,1.68.0
3489,1166,1.68.0
3489,1217,1.68.0
3489,1234,1.68.0
3489,1231,1.68.0
3489,1229,1.68.0
3489,1226,1.68.0
3489,600,1.68.0
3489,1227,1.68.0
3489,1247,1.68.0
3489,1196,1.68.0
3489,1219,1.68.0
3489,1218,1.68.0
3489,1246,1.68.0
3489,1206,1.68.0
3489,1210,1.68.0
3489,1225,1.68.0
3489,1208,1.68.0
3489,1202,1.68.0
3489,1214,1.68.0
3489,1157,1.68.0
3489,1185,1.68.0
3489,1192,1.68.0
3489,1161,1.68.0
3489,1193,1.68.0
3489,1187,1.68.0
3489,1188,1.68.0
3489,1182,1.68.0
3489,1181,1.68.0
3489,1204,1.68.0
3489,1179,1.68.0
3489,1178,1.68.0
3489,1174,1.68.0
3489,622,1.68.0
3489,1211,1.68.0
3489,1252,1.68.0
3490,1154,1.68.0
3490,1170,1.68.0
3490,1167,1.68.0
3490,1166,1.68.0
3490,1164,1.68.0
3490,1233,1.68.0
3490,1163,1.68.0
3490,1240,1.68.0
3490,1147,1.68.0
3490,1158,1.68.0
3490,515,1.68.0
3490,1151,1.68.0
3490,1230,1.68.0
3490,528,1.68.0
3490,631,1.68.0
3490,1153,1.68.0
3490,1210,1.68.0
3490,1225,1.68.0
3490,1202,1.68.0
3490,1214,1.68.0
3490,1185,1.68.0
3490,1193,1.68.0
3490,1177,1.68.0
3490,1228,1.68.0
3490,1187,1.68.0
3490,1188,1.68.0
3490,1173,1.68.0
3490,1182,1.68.0
3490,1179,1.68.0
3490,1178,1.68.0
3490,1252,1.68.0
3490,1234,1.68.0
3490,1231,1.68.0
3490,1229,1.68.0
3490,600,1.68.0
3490,1247,1.68.0
3490,1218,1.68.0
3490,1211,1.68.0
3491,1185,1.68.0
3491,1147,1.68.0
3491,1170,1.68.0
3491,1167,1.68.0
3491,1151,1.68.0
3491,1187,1.68.0
3491,1188,1.68.0
3491,1164,1.68.0
3491,1234,1.68.0
3491,1230,1.68.0
3491,1214,1.68.0
3491,600,1.68.0
3491,1211,1.68.0
3491,1210,1.68.0
3491,1225,1.68.0
3492,1231,1.68.0
3492,1167,1.68.0
3492,1170,1.68.0
3492,1147,1.68.0
3492,1164,1.68.0
3492,1182,1.68.0
3492,1173,1.68.0
3492,1614,1.68.0
3492,1188,1.68.0
3492,1187,1.68.0
3492,1185,1.68.0
3492,1225,1.68.0
3492,1210,1.68.0
3492,1211,1.68.0
3492,600,1.68.0
3492,1214,1.68.0
3492,1228,1.68.0
3492,1229,1.68.0
3492,1230,1.68.0
3492,1151,1.68.0
3492,1234,1.68.0
3493,528,1.68.0
3493,1208,1.68.0
3493,1210,1.68.0
3493,1225,1.68.0
3493,1206,1.68.0
3493,1246,1.68.0
3493,1218,1.68.0
3493,1219,1.68.0
3493,1196,1.68.0
3493,1247,1.68.0
3493,600,1.68.0
3493,1227,1.68.0
3493,1226,1.68.0
3493,1229,1.68.0
3493,1231,1.68.0
3493,1234,1.68.0
3493,1217,1.68.0
3493,1188,1.68.0
3493,1187,1.68.0
3493,1204,1.68.0
3493,1182,1.68.0
3493,1181,1.68.0
3493,1178,1.68.0
3493,1179,1.68.0
3493,631,1.68.0
3493,1168,1.68.0
3493,1223,1.68.0
3493,621,1.68.0
3493,1170,1.68.0
3493,1172,1.68.0
3493,1173,1.68.0
3493,1252,1.68.0
3493,1230,1.68.0
3493,622,1.68.0
3493,1211,1.68.0
3493,1174,1.68.0
3493,1177,1.68.0
3493,632,1.68.0
3493,1228,1.68.0
3493,515,1.68.0
3493,1144,1.68.0
3493,1175,1.68.0
3493,1176,1.68.0
3493,1148,1.68.0
3493,1151,1.68.0
3493,1243,1.68.0
3493,1153,1.68.0
3493,1154,1.68.0
3493,1167,1.68.0
3493,1244,1.68.0
3493,1166,1.68.0
3493,1233,1.68.0
3493,1164,1.68.0
3493,1200,1.68.0
3493,1240,1.68.0
3493,1158,1.68.0
3493,1147,1.68.0
3493,1239,1.68.0
3493,1193,1.68.0
3493,1161,1.68.0
3493,1163,1.68.0
3493,1192,1.68.0
3493,1185,1.68.0
3493,1157,1.68.0
3493,1202,1.68.0
3493,1214,1.68.0
3494,1147,1.68.0
3495,1182,1.68.0
3495,1166,1.68.0
3495,1188,1.68.0
3495,1187,1.68.0
3495,528,1.68.0
3495,1185,1.68.0
3495,1214,1.68.0
3495,1202,1.68.0
3495,1225,1.68.0
3495,1210,1.68.0
3495,1211,1.68.0
3495,600,1.68.0
3495,1228,1.68.0
3495,1230,1.68.0
3495,1231,1.68.0
3495,1234,1.68.0
3495,1147,1.68.0
3495,1173,1.68.0
3495,1163,1.68.0
3495,1170,1.68.0
3495,1167,1.68.0
3495,1164,1.68.0
3495,1151,1.68.0
3496,1214,1.68.0
3496,1234,1.68.0
3496,1230,1.68.0
3496,1211,1.68.0
3496,1225,1.68.0
3496,1210,1.68.0
3496,1182,1.68.0
3496,1185,1.68.0
3496,1147,1.68.0
3496,1170,1.68.0
3496,1167,1.68.0
3496,1151,1.68.0
3497,1210,1.68.0
3497,1211,1.68.0
3497,600,1.68.0
3497,1214,1.68.0
3497,1229,1.68.0
3497,1188,1.68.0
3497,1179,1.68.0
3497,1164,1.68.0
3497,1147,1.68.0
3497,1158,1.68.0
3497,1170,1.68.0
3497,1187,1.68.0
3497,1167,1.68.0
3497,1230,1.68.0
3497,1151,1.68.0
3497,1185,1.68.0
3497,1225,1.68.0
3497,1234,1.68.0
3497,1231,1.68.0
3498,1164,1.68.0
3498,1163,1.68.0
3498,1147,1.68.0
3498,1158,1.68.0
3498,1170,1.68.0
3498,1151,1.68.0
3498,1166,1.68.0
3498,1148,1.68.0
3498,1167,1.68.0
3498,1234,1.68.0
3498,1231,1.68.0
3498,1230,1.68.0
3498,1229,1.68.0
3498,1228,1.68.0
3498,600,1.68.0
3498,1211,1.68.0
3498,1210,1.68.0
3498,1225,1.68.0
3498,1202,1.68.0
3498,1214,1.68.0
3498,1185,1.68.0
3498,528,1.68.0
3498,1187,1.68.0
3498,1188,1.68.0
3498,1173,1.68.0
3498,1182,1.68.0
3498,1179,1.68.0
3499,1151,1.68.0
3499,1234,1.68.0
3499,1231,1.68.0
3499,1229,1.68.0
3499,600,1.68.0
3499,1247,1.68.0
3499,1218,1.68.0
3499,1206,1.68.0
3499,1211,1.68.0
3499,1210,1.68.0
3499,1225,1.68.0
3499,1202,1.68.0
3499,1214,1.68.0
3499,1185,1.68.0
3499,1192,1.68.0
3499,1161,1.68.0
3499,1177,1.68.0
3499,1228,1.68.0
3499,1187,1.68.0
3499,1188,1.68.0
3499,1173,1.68.0
3499,1182,1.68.0
3499,1181,1.68.0
3499,1179,1.68.0
3499,1252,1.68.0
3499,1230,1.68.0
3499,1170,1.68.0
3499,1167,1.68.0
3499,1166,1.68.0
3499,1164,1.68.0
3499,1233,1.68.0
3499,1158,1.68.0
3499,1240,1.68.0
3499,1147,1.68.0
3499,1163,1.68.0
3499,1239,1.68.0
3499,1154,1.68.0
3499,528,1.68.0
3499,1153,1.68.0
3499,515,1.68.0
3500,1193,1.68.0
3500,1161,1.68.0
3500,1192,1.68.0
3500,1185,1.68.0
3500,1157,1.68.0
3500,1214,1.68.0
3500,1202,1.68.0
3500,1182,1.68.0
3500,1208,1.68.0
3500,1225,1.68.0
3500,1210,1.68.0
3500,1206,1.68.0
3500,1246,1.68.0
3500,1218,1.68.0
3500,1219,1.68.0
3500,1204,1.68.0
3500,1179,1.68.0
3500,1178,1.68.0
3500,1174,1.68.0
3500,622,1.68.0
3500,1196,1.68.0
3500,1211,1.68.0
3500,1252,1.68.0
3500,1230,1.68.0
3500,1172,1.68.0
3500,1173,1.68.0
3500,1170,1.68.0
3500,621,1.68.0
3500,1167,1.68.0
3500,1168,1.68.0
3500,1166,1.68.0
3500,1217,1.68.0
3500,1234,1.68.0
3500,1153,1.68.0
3500,528,1.68.0
3500,1154,1.68.0
3500,631,1.68.0
3500,1228,1.68.0
3500,632,1.68.0
3500,1177,1.68.0
3500,1175,1.68.0
3500,1144,1.68.0
3500,515,1.68.0
3500,1181,1.68.0
3500,1188,1.68.0
3500,1187,1.68.0
3500,1231,1.68.0
3500,1244,1.68.0
3500,1164,1.68.0
3500,1233,1.68.0
3500,1158,1.68.0
3500,1147,1.68.0
3500,1240,1.68.0
3500,1247,1.68.0
3500,1227,1.68.0
3500,1239,1.68.0
3500,1163,1.68.0
3500,1243,1.68.0
3500,1151,1.68.0
3500,600,1.68.0
3500,1226,1.68.0
3500,1229,1.68.0
3501,1144,1.68.0
3501,515,1.68.0
3501,1217,1.68.0
3501,1234,1.68.0
3501,1231,1.68.0
3501,1229,1.68.0
3501,1226,1.68.0
3501,600,1.68.0
3501,1227,1.68.0
3501,1247,1.68.0
3501,1196,1.68.0
3501,1219,1.68.0
3501,1218,1.68.0
3501,1246,1.68.0
3501,1206,1.68.0
3501,1210,1.68.0
3501,1225,1.68.0
3501,1208,1.68.0
3501,1202,1.68.0
3501,1214,1.68.0
3501,1157,1.68.0
3501,1185,1.68.0
3501,1192,1.68.0
3501,1161,1.68.0
3501,1193,1.68.0
3501,1187,1.68.0
3501,1188,1.68.0
3501,1182,1.68.0
3501,1181,1.68.0
3501,1204,1.68.0
3501,1179,1.68.0
3501,1178,1.68.0
3501,1174,1.68.0
3501,622,1.68.0
3501,1211,1.68.0
3501,1252,1.68.0
3501,1230,1.68.0
3501,1172,1.68.0
3501,1173,1.68.0
3501,1170,1.68.0
3501,621,1.68.0
3501,1167,1.68.0
3501,1168,1.68.0
3501,1223,1.68.0
3501,1166,1.68.0
3501,1244,1.68.0
3501,1164,1.68.0
3501,1233,1.68.0
3501,1158,1.68.0
3501,1147,1.68.0
3501,1240,1.68.0
3501,1239,1.68.0
3501,1163,1.68.0
3501,1243,1.68.0
3501,1151,1.68.0
3501,1153,1.68.0
3501,528,1.68.0
3501,1154,1.68.0
3501,631,1.68.0
3501,1228,1.68.0
3501,632,1.68.0
3501,1177,1.68.0
3501,1175,1.68.0
3502,622,1.68.0
3502,1187,1.68.0
3502,1193,1.68.0
3502,1161,1.68.0
3502,1192,1.68.0
3502,1185,1.68.0
3502,1157,1.68.0
3502,1214,1.68.0
3502,1202,1.68.0
3502,1208,1.68.0
3502,1225,1.68.0
3502,1210,1.68.0
3502,1206,1.68.0
3502,1246,1.68.0
3502,1182,1.68.0
3502,1181,1.68.0
3502,1204,1.68.0
3502,1179,1.68.0
3502,1178,1.68.0
3502,1174,1.68.0
3502,1211,1.68.0
3502,1252,1.68.0
3502,1230,1.68.0
3502,1172,1.68.0
3502,1173,1.68.0
3502,1170,1.68.0
3502,621,1.68.0
3502,1167,1.68.0
3502,1168,1.68.0
3502,515,1.68.0
3502,1144,1.68.0
3502,1175,1.68.0
3502,1177,1.68.0
3502,632,1.68.0
3502,1228,1.68.0
3502,631,1.68.0
3502,1154,1.68.0
3502,528,1.68.0
3502,1153,1.68.0
3502,1151,1.68.0
3502,1243,1.68.0
3502,1163,1.68.0
3502,1239,1.68.0
3502,1240,1.68.0
3502,1147,1.68.0
3502,1158,1.68.0
3502,1233,1.68.0
3502,1164,1.68.0
3502,1244,1.68.0
3502,1166,1.68.0
3502,1223,1.68.0
3502,1229,1.68.0
3502,1226,1.68.0
3502,600,1.68.0
3502,1218,1.68.0
3502,1227,1.68.0
3502,1247,1.68.0
3502,1196,1.68.0
3502,1219,1.68.0
3502,1217,1.68.0
3502,1234,1.68.0
3502,1231,1.68.0
3502,1188,1.68.0
3503,1151,1.68.0
3503,1167,1.68.0
3503,1211,1.68.0
3503,1147,1.68.0
3503,1214,1.68.0
3504,1192,1.68.0
3504,1161,1.68.0
3504,1193,1.68.0
3504,1187,1.68.0
3504,1188,1.68.0
3504,1182,1.68.0
3504,1181,1.68.0
3504,1204,1.68.0
3504,1179,1.68.0
3504,1178,1.68.0
3504,1174,1.68.0
3504,622,1.68.0
3504,1211,1.68.0
3504,1252,1.68.0
3504,1230,1.68.0
3504,1172,1.68.0
3504,1173,1.68.0
3504,1170,1.68.0
3504,621,1.68.0
3504,1167,1.68.0
3504,1168,1.68.0
3504,1223,1.68.0
3504,1166,1.68.0
3504,1244,1.68.0
3504,1164,1.68.0
3504,1233,1.68.0
3504,1240,1.68.0
3504,1158,1.68.0
3504,1147,1.68.0
3504,1239,1.68.0
3504,1163,1.68.0
3504,1153,1.68.0
3504,528,1.68.0
3504,1154,1.68.0
3504,631,1.68.0
3504,1243,1.68.0
3504,1151,1.68.0
3504,1152,1.68.0
3504,1228,1.68.0
3504,1225,1.68.0
3504,1210,1.68.0
3504,1206,1.68.0
3504,1246,1.68.0
3504,1218,1.68.0
3504,1219,1.68.0
3504,1196,1.68.0
3504,1247,1.68.0
3504,1227,1.68.0
3504,600,1.68.0
3504,1226,1.68.0
3504,632,1.68.0
3504,1177,1.68.0
3504,1175,1.68.0
3504,1144,1.68.0
3504,515,1.68.0
3504,1229,1.68.0
3504,1231,1.68.0
3504,1234,1.68.0
3504,1208,1.68.0
3504,1217,1.68.0
3504,1202,1.68.0
3504,1214,1.68.0
3504,1157,1.68.0
3504,1185,1.68.0
3505,1202,1.68.0
3505,1217,1.68.0
3505,1234,1.68.0
3505,1231,1.68.0
3505,1229,1.68.0
3505,1226,1.68.0
3505,600,1.68.0
3505,1227,1.68.0
3505,1247,1.68.0
3505,1196,1.68.0
3505,1219,1.68.0
3505,1218,1.68.0
3505,1246,1.68.0
3505,1206,1.68.0
3505,515,1.68.0
3505,1144,1.68.0
3505,1175,1.68.0
3505,1177,1.68.0
3505,632,1.68.0
3505,1228,1.68.0
3505,631,1.68.0
3505,1154,1.68.0
3505,528,1.68.0
3505,1153,1.68.0
3505,1151,1.68.0
3505,1243,1.68.0
3505,1163,1.68.0
3505,1239,1.68.0
3505,1240,1.68.0
3505,1147,1.68.0
3505,1158,1.68.0
3505,1233,1.68.0
3505,1164,1.68.0
3505,1244,1.68.0
3505,1166,1.68.0
3505,1223,1.68.0
3505,1168,1.68.0
3505,1167,1.68.0
3505,1170,1.68.0
3505,1173,1.68.0
3505,1172,1.68.0
3505,1230,1.68.0
3505,1252,1.68.0
3505,1211,1.68.0
3505,622,1.68.0
3505,1174,1.68.0
3505,1178,1.68.0
3505,1179,1.68.0
3505,1204,1.68.0
3505,1181,1.68.0
3505,1182,1.68.0
3505,1188,1.68.0
3505,1187,1.68.0
3505,1193,1.68.0
3505,1161,1.68.0
3505,1192,1.68.0
3505,1185,1.68.0
3505,1157,1.68.0
3505,1214,1.68.0
3505,1208,1.68.0
3505,1225,1.68.0
3505,1210,1.68.0
3506,1147,1.68.0
3506,1167,1.68.0
3506,1234,1.68.0
3506,1230,1.68.0
3506,1211,1.68.0
3506,1225,1.68.0
3506,1210,1.68.0
3506,1196,1.68.0
3506,1187,1.68.0
3506,1214,1.68.0
3506,1151,1.68.0
3506,1185,1.68.0
3507,1225,1.68.0
3507,1187,1.68.0
3507,1178,1.68.0
3507,1164,1.68.0
3507,1185,1.68.0
3507,1147,1.68.0
3507,1170,1.68.0
3507,1167,1.68.0
3507,1151,1.68.0
3507,1153,1.68.0
3507,1234,1.68.0
3507,1230,1.68.0
3507,1214,1.68.0
3507,1211,1.68.0
3507,1210,1.68.0
3508,1167,1.68.0
3508,1151,1.68.0
3508,1147,1.68.0
3508,1210,1.68.0
3508,1178,1.68.0
3509,1153,1.68.0
3509,631,1.68.0
3509,528,1.68.0
3509,1206,1.68.0
3509,1204,1.68.0
3509,1181,1.68.0
3509,1182,1.68.0
3509,1188,1.68.0
3509,1187,1.68.0
3509,1223,1.68.0
3509,1168,1.68.0
3509,1167,1.68.0
3509,1170,1.68.0
3509,1173,1.68.0
3509,1172,1.68.0
3509,1230,1.68.0
3509,1252,1.68.0
3509,1211,1.68.0
3509,622,1.68.0
3509,1174,1.68.0
3509,1178,1.68.0
3509,1179,1.68.0
3509,1151,1.68.0
3509,1243,1.68.0
3509,1193,1.68.0
3509,1144,1.68.0
3509,515,1.68.0
3509,621,1.68.0
3509,1228,1.68.0
3509,1175,1.68.0
3509,1177,1.68.0
3509,1163,1.68.0
3509,1239,1.68.0
3509,1161,1.68.0
3509,1192,1.68.0
3509,1185,1.68.0
3509,1157,1.68.0
3509,1154,1.68.0
3509,1214,1.68.0
3509,1202,1.68.0
3509,1208,1.68.0
3509,1225,1.68.0
3509,1218,1.68.0
3509,1210,1.68.0
3509,1246,1.68.0
3509,1217,1.68.0
3509,1166,1.68.0
3509,1244,1.68.0
3509,1164,1.68.0
3509,1233,1.68.0
3509,1240,1.68.0
3509,1234,1.68.0
3509,1219,1.68.0
3509,1196,1.68.0
3509,1247,1.68.0
3509,1227,1.68.0
3509,600,1.68.0
3509,1226,1.68.0
3509,1229,1.68.0
3509,1231,1.68.0
3509,1147,1.68.0
3509,1158,1.68.0
3510,1179,1.68.0
3510,528,1.68.0
3510,1154,1.68.0
3510,631,1.68.0
3510,1153,1.68.0
3510,1243,1.68.0
3510,1151,1.68.0
3510,1175,1.68.0
3510,1228,1.68.0
3510,1177,1.68.0
3510,632,1.68.0
3510,515,1.68.0
3510,1144,1.68.0
3510,1163,1.68.0
3510,1239,1.68.0
3510,1158,1.68.0
3510,1147,1.68.0
3510,1240,1.68.0
3510,1164,1.68.0
3510,1233,1.68.0
3510,1166,1.68.0
3510,1244,1.68.0
3510,1167,1.68.0
3510,1168,1.68.0
3510,1223,1.68.0
3510,621,1.68.0
3510,1170,1.68.0
3510,1172,1.68.0
3510,1173,1.68.0
3510,1252,1.68.0
3510,1230,1.68.0
3510,622,1.68.0
3510,1211,1.68.0
3510,1174,1.68.0
3510,1178,1.68.0
3510,1181,1.68.0
3510,1182,1.68.0
3510,1204,1.68.0
3510,1187,1.68.0
3510,1188,1.68.0
3510,1193,1.68.0
3510,1161,1.68.0
3510,1192,1.68.0
3510,1210,1.68.0
3510,1225,1.68.0
3510,1206,1.68.0
3510,1246,1.68.0
3510,1218,1.68.0
3510,1219,1.68.0
3510,1229,1.68.0
3510,1196,1.68.0
3510,1247,1.68.0
3510,600,1.68.0
3510,1227,1.68.0
3510,1226,1.68.0
3510,1217,1.68.0
3510,1234,1.68.0
3510,1198,1.68.0
3510,1231,1.68.0
3510,1185,1.68.0
3510,1157,1.68.0
3510,1236,1.68.0
3510,1202,1.68.0
3510,1214,1.68.0
3510,1208,1.68.0
3511,1223,1.68.0
3511,1210,1.68.0
3511,1206,1.68.0
3511,1246,1.68.0
3511,1218,1.68.0
3511,1219,1.68.0
3511,1196,1.68.0
3511,1247,1.68.0
3511,1168,1.68.0
3511,1166,1.68.0
3511,1244,1.68.0
3511,1164,1.68.0
3511,1233,1.68.0
3511,1240,1.68.0
3511,1200,1.68.0
3511,1147,1.68.0
3511,1163,1.68.0
3511,1239,1.68.0
3511,1158,1.68.0
3511,600,1.68.0
3511,1226,1.68.0
3511,1229,1.68.0
3511,1231,1.68.0
3511,1234,1.68.0
3511,1217,1.68.0
3511,621,1.68.0
3511,515,1.68.0
3511,1144,1.68.0
3511,1175,1.68.0
3511,1227,1.68.0
3511,632,1.68.0
3511,1177,1.68.0
3511,1228,1.68.0
3511,622,1.68.0
3511,1211,1.68.0
3511,1243,1.68.0
3511,1151,1.68.0
3511,631,1.68.0
3511,1154,1.68.0
3511,528,1.68.0
3511,1153,1.68.0
3511,1187,1.68.0
3511,1188,1.68.0
3511,1182,1.68.0
3511,1181,1.68.0
3511,1204,1.68.0
3511,1179,1.68.0
3511,1178,1.68.0
3511,1174,1.68.0
3511,1252,1.68.0
3511,1230,1.68.0
3511,1172,1.68.0
3511,1173,1.68.0
3511,1170,1.68.0
3511,1193,1.68.0
3511,1161,1.68.0
3511,1192,1.68.0
3511,1185,1.68.0
3511,1157,1.68.0
3511,1214,1.68.0
3511,1202,1.68.0
3511,1208,1.68.0
3511,1225,1.68.0
3511,1167,1.68.0
3512,1230,1.68.0
3512,1225,1.68.0
3512,600,1.68.0
3512,1188,1.68.0
3512,1214,1.68.0
3512,1147,1.68.0
3512,1167,1.68.0
3512,1151,1.68.0
3512,1228,1.68.0
3512,1211,1.68.0
3512,1210,1.68.0
3514,1116,master
3515,1538,master
3515,541,>=1.0.0 <2.0.0
3515,1536,master
3515,1125,master
3515,1537,master
3515,1136,master
3516,1123,master
3517,1120,master
3517,636,master
3518,1137,master
3518,1123,master
3519,589,>=1.0.0 <2.0.0
3519,2237,master
3520,1737,master
3520,5,*
3521,1717,master
3522,662,>=7.0.0 <8.0.0
3522,1114,master
3522,1123,master
3523,1737,master
3523,1255,*
3525,512,>=1.0.0 <2.0.0
3525,631,>=1.0.0 <2.0.0
3525,1114,master
3526,1114,master
3526,1120,master
3526,632,>=1.0.0 <2.0.0
3526,672,master
3526,622,>=1.0.0 <2.0.0
3527,1258,master
3527,1265,master
3528,650,>=3.0.0 <4.0.0
3528,1114,master
3528,1123,master
3529,857,>=1.0.0 <2.0.0
3529,1123,master
3530,1137,master
3530,1123,master
3531,515,>=1.0.0 <2.0.0
3532,5,*
3532,1137,master
3532,1123,master
3532,1115,master
3533,621,>=1.0.0 <2.0.0
3533,1120,master
3534,725,master
3534,1131,master
3534,1123,master
3534,855,master
3534,854,master
3534,1114,master
3535,1123,master
3535,568,>=1.0.0 <2.0.0
3536,678,>=1.0.0 <2.0.0
3536,1123,master
3536,1114,master
3537,515,>=1.0.0 <2.0.0
3537,541,>=1.0.0 <2.0.0
3537,1123,master
3538,1114,master
3538,855,master
3538,854,master
3538,1120,master
3538,856,6.10.0
3538,678,>=1.0.0 <2.0.0
3538,671,>=5.0.0 <6.0.0
3538,1164,>=1.0.0 <2.0.0
3539,1123,master
3539,658,>=1.0.0.0 <2.0.0.0
3539,663,>=1.0.0 <2.0.0
3540,514,>=1.0.0 <2.0.0
3550,640,>=1.0.0 <2.0.0
3552,2246,0.3.0
3553,1113,>=1.0.0 <2.0.0
3553,1265,master
3553,1061,1.14.1
3553,1056,3.6.1
3553,1057,3.6.1
3554,2245,0.3.0
3554,1115,master
3554,670,master
3555,1137,master
3555,1115,master
3555,2245,0.3.0
3556,541,>=1.0.0 <2.0.0
3556,622,>=1.0.0 <2.0.0
3557,1131,master
3557,1267,master
3557,673,>=3.0.0 <4.0.0
3557,676,<1.0.0
3557,1741,0.3.0
3557,1269,master
3557,541,>=1.0.0 <2.0.0
3557,1217,>=1.0.0 <2.0.0
3557,1264,master
3557,1259,master
3557,1740,0.3.0
3557,1549,master
3557,1261,master
3557,1268,master
3557,1125,master
3557,1270,master
3558,1235,>=1.0.0 <2.0.0
3558,2244,*
3558,2248,0.3.0
3558,1150,>=1.0.0 <2.0.0
3558,855,master
3558,2246,0.3.0
3558,1261,master
3558,854,master
3559,1265,master
3559,1128,master
3559,1260,master
3559,1213,>=1.0.0 <2.0.0
3559,1249,>=1.0.0 <2.0.0
3559,1258,master
3559,541,>=1.0.0 <2.0.0
3559,1263,master
3560,1137,master
3560,1742,0.3.0
3560,2241,0.3.0
3560,849,master
3561,2251,62.1.0
3562,1287,62.1.0
3563,1281,62.1.0
3564,1820,62.1.0
3564,1286,62.1.0
3565,1815,62.1.0
3566,2250,62.1.0
3567,1286,62.1.0
3568,1807,62.1.0
3569,1281,62.1.0
3570,2254,4.0.4
3570,5,>=3.0.0 <4.0.0
3571,1531,4.0.4
3571,1245,>=1.0.0 <2.0.0
3571,1223,>=1.0.0 <2.0.0
3571,3,>=1.0.0 <2.0.0
3572,1531,4.0.4
3573,1279,>=1.0.0 <2.0.0
3573,1331,>=2.0.0 <3.0.0
3573,655,>=1.0.0.0 <2.0.0.0
3573,1277,>=2.0.0 <3.0.0
3573,1274,>=2.0.0 <3.0.0
3573,1329,>=1.0.0 <2.0.0
3573,1200,>=1.0.0 <2.0.0
3573,568,>=1.0.0 <2.0.0
3573,1190,>=1.0.0 <2.0.0
3573,512,>=1.0.0 <2.0.0
3573,621,>=1.0.0 <2.0.0
3573,632,>=1.0.0 <2.0.0
3573,622,>=1.0.0 <2.0.0
3573,1154,>=1.0.0 <2.0.0
