package_version_id,package_id,version,target_version_id,flags,archive_version,group_number,prefix,updated,hash
2,3,1.2.11,,0,1,3,3,2018-08-09 01:26:18,3_2$e039b4477da80b83df544a3840881015f8e174d6b761d522d5411c1119caec781491e49545e7276a56c8782a6b4250f095741e38782f9e193d59d131aaf2eb63
742,663,1.3.6,,0,1,112,3,2018-08-10 19:29:34,3_2$91af98a482f08dd3855d82890aa9a3e57a8d7a909ec40c172f881ed3ef3c05b5f60804463b47792a81194625037a78eea7522f623ea689762764432d23dfa2f9
813,724,master,,0,1,155,2,2018-08-11 02:38:43,3_2$b61f3812381479818680f3e8232c5c04ed09f69fe9c189eea68bf7d4028f2fcbf4ae4b841625cfe1a58e94a72a7da750192f9bf27eaf19b63d827949f5b44869
814,725,master,,0,1,155,2,2018-08-11 02:38:43,3_2$748659eb6dec53ccd64738e8bf6bfbc034b0ad920fb2e0f764dff26a037d6b06cec519a0abd21d1f42a8fd93944470ea52d2b70c1de1958ae42ce4652d4e313c
946,857,1.22.0,,0,1,169,3,2018-08-12 22:25:15,3_2$edd5dbd698d3e72e4f0ccbe75dd5468109742effb11e77141f03758d76f18ef4d96bfe9df60a7873f0167e73a72d577e569455d7d6d8a1c5fa39553da30c1fb3
1442,1279,1.3.29,,0,1,201,3,2018-08-14 00:04:22,3_2$f8c1c7eaea328fb1bbf8d47b6f4dd115782e828cb5fc0271af7ee9d31b14d5fbb8a6e74cc47200ab3ad707c40ee6b7e1adefca5f16e5b8dc45e71bc4f1472aac
1457,1294,2.2.5,,0,1,208,3,2018-08-14 15:10:45,3_2$0d967013005d133a1846a7f1afbce4939291dcefb67a5400b29020668cb57f1a7276d9ebc269308e25ebef2a28fa7a9cb63a92f790052becf3e893e84430915e
1817,1114,master2,,0,1,260,2,2018-08-19 18:45:31,3_2$b72e03fe88fef4ba841d753cedbb018ea4fbab3cf4c633bc4596b819cf6d2c4965281be86710a9ed09b9ade8dfa5e6bc9a636ec837a9daa7ae0d6ef94b086370
1818,1115,master2,,0,1,260,2,2018-08-19 18:45:31,3_2$96a1d8a7224398b655e30b59a8f33acc1b3907d197c508e3b5cc90097138242e008dbcaecb6794f92c861d3a0493b5560b3b4dd5ea4c3507bf18847a8152ba4b
1819,1116,master2,,0,1,260,2,2018-08-19 18:45:31,3_2$47357251fb58d5375defb3c3ac2b8a7a24c95437ad9109982c25c64cbcae75e9259781817438d575f7753c03b9b45d7d99c21c40668a7b17493bde692562bb40
1820,1258,master2,,0,1,260,2,2018-08-19 18:45:31,3_2$fdb251bd513be192d5aff07e76deff57c578da22c6e6646ad575bc4adc754b54a1dae4245f46aa78ccc61261ebd5f293b6965bf345ba90846f60bb574497ae63
1821,1500,master2,,0,1,260,2,2018-08-19 18:45:31,3_2$f24fb977fed8f57b7cebacf6a5b172024bfbef57ec8d8e3c767ec633cdd6bce5c7be0d7361daa8f246db13db43800b2e7382fc016c76f9eceb4f9aae00e9f713
1822,1259,master2,,0,1,260,2,2018-08-19 18:45:31,3_2$bc4b0a67b6d0cdd5b96074ce643f667f79259584a270758ff8e4831d217693151ba3c008b3b8dfa25ed86d7c3d9fa9de99e0716baada4ab7cb09c75919f601b6
1823,1120,master2,,0,1,260,2,2018-08-19 18:45:31,3_2$9d24875e3a958533f3a507e110309883cc1b758d9a7ba60eb78a2fb928a3a38129f737d3b648c2db38c3ce901bb89a63be0169a3dd40b3b77f3b42908e8ef9ce
1824,1260,master2,,0,1,260,2,2018-08-19 18:45:31,3_2$e7be30f8dce8e143f764d4712a308a15321341303ae8e9076a6972c39547ea477580d44dbf0483b12860b3ae92afeba835c4323c8f914b07a222fe45585de172
1825,1261,master2,,0,1,260,2,2018-08-19 18:45:31,3_2$b8457941a8512575694c03fd7e5268d90bab51e33f7dd3ce9f35a94b5e98c7f6ed2f1fd60b4d44b16854332cc07d30f368a34d6aea7c1cab9c1b235a7a20188a
1826,1123,master2,,0,1,260,2,2018-08-19 18:45:31,3_2$b77132d48c87339ee428775022f70d7e1258e6d2af82c239477582173fa90bd9f5193243f80e5239a63fd2a548335a73fa9f4fa988fa93cc9ed8aff995851d8a
1827,1263,master2,,0,1,260,2,2018-08-19 18:45:31,3_2$158ece587715f676041298a6032779e93e28f4b24e69aa1c5e5f587101799ce3bd881833b5eb0563049ecc2684c1c6f9c3eed8d1d3ec8b7c0ca05d1d3b77f9a4
1828,1264,master2,,0,1,260,2,2018-08-19 18:45:31,3_2$a0af04197c0150c2ce5730b12b8aa332f6c1aab464043679578f1a404189e859aef7c0453afad3b67f0d3efb80b9c852e8c7ad4969cfc608d67564f1f144e922
1829,1128,master2,,0,1,260,2,2018-08-19 18:45:31,3_2$66de80dee8ba44af40ff93192af6cab02f4d7cb98e789c0f89892394de5a5b04ac14099da3260308acf2bd26a90ab67351627c2bb4bb995f8d4b51764ff63d91
1830,1129,master2,,0,1,260,2,2018-08-19 18:45:31,3_2$3c2b0d168bc0373d87286e84903182abe673260840c0d10e4d8aae3c327dc69c3119014e3e5f7fac31127a06f5ff98b7fca0e54d836b2f2207a91f201039c96d
1831,1265,master2,,0,1,260,2,2018-08-19 18:45:31,3_2$7bea4d6ba0f13fceadad5fed72664c4e7dc203bb9707f2864945ff54cc19adfba636aa1bcc4f3874b861f99a02cfbd9553d60378ccdd18025a387bd4d7f14818
1833,1131,master2,,0,1,260,2,2018-08-19 18:45:31,3_2$4b1b05afa06ec1c57a5f6530a17a9db3ff2e0d15e6c5445e668fc4ca179ea8276629d9a7d2bda2baf547b1ea79cbf037f04a341e419b947aa0d5c33bde6577c0
1834,1267,master2,,0,1,260,2,2018-08-19 18:45:31,3_2$62671f7f69faf766414db892a686bcf692247ddde4cf70a1f9ca3643472f2ac319712e814a7dccdda89b99b2a305a3bef0c28f5681d353af6782a48b3c6865e7
1835,1268,master2,,0,1,260,2,2018-08-19 18:45:31,3_2$d7cf6265649e5ce3877277bb481499bcf8e03c02c2a7cf810fd67a65551fb02ce0154428d9df64f7e9b9a1adcfcd5448cdbdb5d8b8659bdb4e5d6b2d8be87d49
1836,1269,master2,,0,1,260,2,2018-08-19 18:45:31,3_2$3360967ba0459b171b31d8da7ee4d5849be19b506c063a822311f501472f579afe8b4dc903f3d8972d3acfa28bb9d3143ec8d665eea4e2df123597c3fbaef002
1837,1270,master2,,0,1,260,2,2018-08-19 18:45:31,3_2$1cc0180c29b9b1f9fdbbdf883607e0ee6efdbbfa0c2551685f36f5fd5834add6c36b464f69022a1b20936da9c60c06fdc9ca9c4ab427658b5d56dd1dbe34a98a
1839,1136,master2,,0,1,260,2,2018-08-19 18:45:32,3_2$656bc0835b7597afda9e520f09b369860c8d8b16504935014929aad44df611c5ef21a3516c9374103cd538a46159642a81f7d81d4f081dec2ccf62a5615761be
1840,1125,master2,,0,1,260,2,2018-08-19 18:45:32,3_2$8b6d191fe1d7cca6ec536c6d67efecb9c61b4c61e04fbac2ed92ae746780e100f9af27359ccd14bae11401d1ed005a991bfbaf7f630d3f977f3049971898d650
1841,1137,master2,,0,1,260,2,2018-08-19 18:45:32,3_2$9cc5e27a9486ff1fd72f92f26140aebcd0307a8d41725840b1b898c6145135c92358fae26e99222f93b996d25120c6ebc865db36b4a538ee44ef0d07657b52f9
1843,1114,master,,0,1,261,2,2018-08-19 18:46:45,3_2$38576697bad9978e604b1108efc8f6780fc1412fc725852ac6906db661b3bc2616380d8bb754109b95c56a6ad042fb6b3f697cfab794e821b762ba9ce767966f
1844,1115,master,,0,1,261,2,2018-08-19 18:46:45,3_2$a1b88cbe84cb317e1f6579c083873747ab497e2034396a875e86bbef0276bfaec6a9a10a9f2f051571cd7298f9bd2bf616caa8915bea4520b98b945177e5bad3
1845,1116,master,,0,1,261,2,2018-08-19 18:46:45,3_2$09e907b279995cb9329cd341f05327093211626284f2f4cc519da17c8b106c54f81bfef75316714dd48000da9ae3321a61498bd7f1616a5b66a5ceb495eadd21
1846,1258,master,,0,1,261,2,2018-08-19 18:46:45,3_2$5ff03760e6db015a3111d1068d580109707db743acd46e81818eda9ff8a4cfabc65837cb3b293ac284e7f74d6d34ca772711632c02d44244905bf9b061eac8f0
1847,1500,master,,0,1,261,2,2018-08-19 18:46:45,3_2$cad9111e9751918a46851b28c06906046959e04b06207bef306af89392a6c8c507ecac4dd1bf4fa63a595e14e110dd7cb522dc0e89587e83589e509576dc4ea1
1848,1259,master,,0,1,261,2,2018-08-19 18:46:45,3_2$6f9fa03bf76c3cc37ec1eda574c3250eb9d4796df3e6a568a26bb3ec98a94eac0def4e7282812b5467e9bd5dc3f769a49376b3954fad1a81c72658f2b0e39624
1849,1120,master,,0,1,261,2,2018-08-19 18:46:45,3_2$ff2f9be9a3de1d1a3a47b37c0d63b95970ccec6780dbfe65f87cdeb8ba39e6758c6ac21c7089533d831b6497f8fd5a25e31685d7ae42c0a9c38fe92b5f57a7b3
1850,1260,master,,0,1,261,2,2018-08-19 18:46:45,3_2$b3660d95395b8a187019618ea1f998a54bc17e0846117203c0ee7072425ef6a7286b983626ef3f993b5b15b2061ba104acfacb511cc17c49fcc58c987cbabc95
1851,1261,master,,0,1,261,2,2018-08-19 18:46:45,3_2$3ca98dc9f2a85d25ae7104a94643afc6f3c39b460979f153211857fe72b3ee0424fba9be65e11f82f08ee994119eddc8928f061d4b911ab3616256233d086c96
1852,1123,master,,0,1,261,2,2018-08-19 18:46:45,3_2$d293183037cd322f2f4c0d7f365d556c11b64c64d59b905e067890526378dd89b9697dd0b2799f6273c50f45b51cfad014b3b2ebac7109a39a8304962f854658
1853,1263,master,,0,1,261,2,2018-08-19 18:46:45,3_2$60c01b2e190d6bb92bfb9c226dbf8614f5f7937591f95daafdd287d3bb17dd9d1ee279bd20f404ba7b8fb98f77a5b99e1d826a94055848d229873f3480c0c1e8
1854,1264,master,,0,1,261,2,2018-08-19 18:46:45,3_2$1c662e7a4e6bb55c99cf0f5b5b60d33558286a0caddee223e5d454cfccfd8f62d2b92502e6844007100ce30026d1ba17cf8957415ff9e642e843a8ae862596a1
1855,1128,master,,0,1,261,2,2018-08-19 18:46:45,3_2$27ff9256db002cbf97f06f9809204ac481d06af6ca16d921fdb38db1d83f57773d6b3ac374570276e75e5bde9dd491869e2b3f6e80845fa33d5759a8c3e3931a
1856,1129,master,,0,1,261,2,2018-08-19 18:46:45,3_2$e75aeabcdca39bbd040c2adeda0a1531e718e5b76c0367039bda32bfb984a0277b033306a9e8c89ef1a30d74d14880889c64b3fe45456f6b01268220a36d3165
1857,1265,master,,0,1,261,2,2018-08-19 18:46:45,3_2$886c656e1e13f966e3c7d9f9f999e24ff5c514787a8461d9a5a5936d2cab2799fa3c7f261777194b1ab4e669246f3b3ba8a7e19951d486a3d0aedc2120a65019
1858,1547,master,,0,1,261,2,2018-08-19 18:46:45,3_2$a89582054fecc1e8c77362762d2d058c68c03aa31a4ae4d19f3eed83dbf172c5251e638538c921430b5f093c1e3c4e3e6fb7323823b46b1224d659b5f2198c65
1859,1131,master,,0,1,261,2,2018-08-19 18:46:45,3_2$37d9def441166b3bf3d22392672060b0f402ef47a3e53502fc7063ae9515bb3152e05cddd4183aafe3ab3fed5108e0d23da15bb958c0705c3c50deebcbfbeb3a
1860,1267,master,,0,1,261,2,2018-08-19 18:46:45,3_2$ee9cdbd73412a6ccf8ddf4ba78543c7d9ab0f78a45155719edcf1c3a611454d697c6f857691f6614b2b70f5aad46bc6cadca9db808ce93a6b7ddaf6ae991c4ca
1861,1268,master,,0,1,261,2,2018-08-19 18:46:45,3_2$a656dd7c465afb050fc174c3efd5ffb610974576eaffc9db8bf315d8e012899121aa6286e71e93c8c4b0b3dbd49f9a0a3fb02d6c1f4218dfddf4ba6c526addf3
1862,1269,master,,0,1,261,2,2018-08-19 18:46:45,3_2$2945250b0c542fccd32ea57b2a51c82986decbd5d189b20d56a21f48bdaa3bbf76353f12095d58219d29ff5dde05e5c8e5ed81aada828a1774236c36adb5094f
1863,1270,master,,0,1,261,2,2018-08-19 18:46:45,3_2$018bcc36f84ba938d7ec3a24f64e206f99a9c870f0655eba2ccb53af774eb0f583d62ffa5e335bf3fe3a67f765c1835408dcf370e5fe9d353aea6b33e0ffec60
1864,1548,master,,0,1,261,2,2018-08-19 18:46:45,3_2$edefe5e6088093fba2b01cdd991c42341f5cf083bd0b8deb7c1ae965350f2c83cffffe1aa0b26f8fcb72171827e3774df6be8c7f6908b29377bc160713d6cf09
1865,1136,master,,0,1,261,2,2018-08-19 18:46:45,3_2$de5f3437b29eef90a18c215bd4f8483736d8936d4d95b8db65c8beffbe9a2b390c6e6508d91a58b8049e4b1b57a32a4bf01f6083854ddc933916e14cffd4a9df
1866,1125,master,,0,1,261,2,2018-08-19 18:46:45,3_2$555afe58ba9402edb2c67faa927178f8d36c0aecf30c7188ab6f55adfffd41ca0caa631a5baf4f6d51ad30e045d4a0656f1f8bfa0b13a3cc252e2779cb411deb
1867,1137,master,,0,1,261,2,2018-08-19 18:46:45,3_2$54800c3c5b8f8de99046c4696140a938c33a3ae8b58e2445bf8f27818ed4f6faf145906b478b0a1ac0573f1984a2fd25d5a956c3f584ce5f7bfc7d235982189f
1868,1549,master,,0,1,261,2,2018-08-19 18:46:45,3_2$efef2f2d77820a443d74887b974a5811cc1c5c9f491e712a4612a1a73d039dbacd7d01f694249216c44ff0cbcc81687580c7ca09c079116dea63fc77b6f7b86a
1869,1550,0.3.0,,0,1,262,2,2018-08-20 03:01:27,3_2$7399acd0ab0b12e37bb1794cda7bedda21ede1b635ea6782914f2f3948f6350dd9faf1fb0248c513ac83b2a5e08994f3921dcfd05360f3a14cacec550af79ea1
1870,1551,0.3.0,,0,1,262,2,2018-08-20 03:01:27,3_2$8fd5b5299d2858fe30db1caa93ec57beb529d03a8824b818c36c0bd0dd1b33b7f012a6d18d457494409a4d111576a79bcf150c7ee12771536553e811eaa8b654
1871,1521,0.3.0,,0,1,262,2,2018-08-20 03:01:27,3_2$769d1242891d048c86612698f488ac965f9f3f4874f1360279a8884a5c407f27f3c7a01f10b4209c89ddf2ee880d7ae863e51d79342404992207b0fdf6ac9591
1872,1522,0.3.0,,0,1,262,2,2018-08-20 03:01:27,3_2$cce7c50f87453c03efec9710671f7e64bc1636cc727d0e598f78e4af5bd7658112ff0100e8fa4147ac9fe1f3733358d1471762a97137607e6846c5d5708baf13
1873,1552,0.3.0,,0,1,262,2,2018-08-20 03:01:27,3_2$a70bcaa72182d0db76b431c85b06c45b95a8c6e49863e8777b61279949a74c0f323eb01c11585bef8b15ec44f82408fd63f26192c243d881f28d3a49683ebcb5
1874,1553,0.3.0,,0,1,262,2,2018-08-20 03:01:27,3_2$80af6343d4651ea6af9dbcc7f33eca4045f8be760a84e9caf4fdd78b895ad5c04e4bb4f55f71a4d189ad7d74da69da67c111fff47a0f80fe4c3316e62f27b65b
1875,1554,0.3.0,,0,1,262,2,2018-08-20 03:01:27,3_2$27ce989ea54dfa097ad17f6e7865c899a68bb4c96ed67fa67eed927fd38265713a3ca0b00816f8f4d873c735d6debb03e37dff162b5e026e51c2c8e7bedde70e
1876,1555,0.3.0,,0,1,262,2,2018-08-20 03:01:27,3_2$b9fc2c3e7f45695d0ecb0355306290a0e645fbc7d37d569e738338852eaabb28a50cd3a95b75b40748f132de62530858e4dfeee58e4030292984460ba9875aa9
1918,1569,4.0.4,,0,1,283,3,2018-08-22 18:36:20,3_2$b086a4ac7e65ae87289b8e708f440a440946bc515b2df5859953e7a91202f58273a1fe8a64fed17a1eacf9ec43c6dc0b7203c99f80c46b690003b49c2262268c
1919,1568,4.0.4,,0,1,283,3,2018-08-22 18:36:20,3_2$a517f1879112f7dabe61d86c833cbc83c4405f35d08c1605dccd52058b79fddb2f6662016d2ce23cf9d25f345bd9365b0c8b7b95290007036665116231a1283e
1920,1566,4.0.4,,0,1,283,3,2018-08-22 18:36:20,3_2$ff25a7aa575fb3661b34d0720518c6b29d2d5ed86ed0ca7ddbc09f865ec32ad0bd72928a601c982d45bc3e85aeb3284ce86886a9f7e1b0cad930e4d0d17d3f3c
1921,1531,4.0.4,,0,1,283,3,2018-08-22 18:36:20,3_2$f43df570bc421e9e734b659d4eda2c6937ab730a3cfa02c7dc02c1b3156bd8099313434afde0ac76ea779133e54097c1f414192c21aaeb55944f2328f8d9bcbb
1922,1568,4.0.3,,0,1,284,3,2018-08-22 18:41:07,3_2$21cad2e953ab2e390fff93964b5baa09428490fa7178c8b77f31491ecdf816f44a1716888b2b5dc6f750067b9f666cd2183f090c0a50f7a29b020d58bae2fd09
1923,1531,4.0.3,,0,1,284,3,2018-08-22 18:41:07,3_2$f8d7af7aceb50eafb49bdc16cbb0eb8ef9e0b7045ec46517da8b5aca1bd254b0637693eeff274801f6ab4660887aaa2e290d2395cb92f2641e3f67fb5cd76026
1924,1566,4.0.3,,0,1,284,3,2018-08-22 18:41:07,3_2$db1439103bbe113af6a2f38bfeb0df00fefac6f35bc8b82c88931844aa7965a7cfdf5c52dc872c23da1e61c7a87c0c4c109258eb78f0b9a922a8ebd845f3b7a9
1925,1569,4.0.3,,0,1,284,3,2018-08-22 18:41:07,3_2$4493d88483dbce1732a0ba68570a4e3e62373ed9f48ebbd39004179cd6833e8e41b67c02e9af26b64d4e363b75ac64824912a710ec57fad3012d7bf42f540f5e
1928,1572,5.1.4,,0,1,287,3,2018-08-23 02:38:01,3_2$cc379ee1ab96d9ae0fd26701d7889e4f8d6629fd65fe35b9ead21137b0bd17fd303099702eb68ad74a32f725b90f18c69c7a51838ce840b600d6de4334fad65d
1958,662,7.61.0,,0,1,291,3,2018-08-23 02:46:46,3_2$f44372bdb13a05545a6f9f36393c4880f07f4f8fd0a21f8802f8f90b51521d7bec5e6358d5df1c402fef8f29afb8b2ae3c9b4b7d7d6014021ac02f895d5dbf7c
1959,1311,1.8.8,,0,1,292,3,2018-08-23 02:47:18,3_2$ee3b3a26997fc19b6ab9d9e24edfca9d4129406cc16e5a008884c4a92b3065daeab044632c0644ac327083eb69c65fd65fb01f65c0ad4a1147a1c655a9591c80
1960,4,1.0.6,,0,1,293,3,2018-08-23 02:47:53,3_2$123a32900e0e47d43bde596bccdec63b8257eee0a4629cdb777b58befc41c8fc694dd8026fd301203683aa2a961f8e913207ae89f8e09a8fbc99dd3ac88c74db
1961,661,1.14.0,,0,1,294,3,2018-08-23 02:48:19,3_2$2211ba0658905aab32e61c5c8547fed25ca7e53b7dd99d2952653c3b6194e75d1b4a73446f8f0782c753c723d4c61b9b4b559ca8658a93171df74637f37d11bf
1963,1294,2.2.6,,0,1,296,3,2018-08-23 02:50:12,3_2$96e213c3724e19b8b18709b75181b2923bc1e6156228b9b7ca73eb8d722ec17de1ce1bb7b05010e9fb7b907768dbe903cecfde9c8c64501288d398aff275c5e5
1964,1254,master,,0,1,297,4,2018-08-23 02:50:35,3_2$d0f8687f73cc702555c5459380f8934a0e70b0747ffb4ae20aac09860c07003c99a35a9ec9e2995363068b0ac2ad5fe62920fe51ade8dd8a30b464efd43748f0
1965,1275,master,,0,1,298,4,2018-08-23 02:51:01,3_2$341b72c70da01c80ccbfb75c90ed7d566a282dc009317c91aed9674e13cc9b93c38035c2fb53698860e5442c40fb796e0a44fa548da5260dfd3afba9289671a9
1966,671,5.1.0,,0,1,299,3,2018-08-23 02:51:26,3_2$b005460675ccaccc53f813a6101a6aea8fa74c9e04a338e9da13249cf3d131b83ab16ba90ba0dd676df1e737da18d81125dcadceb5aaf1961b7431c436f18ec8
1967,1151,1.68.0,,0,1,300,3,2018-08-23 02:52:43,3_2$a240ed8e9476ff665cf7bd76e9da23c70d60cc187dfba500c7dceaa657d0fb461956402f63a2c816448cb8b1115b7d73ad503f02aacdec253f24984ccf4515a2
1968,1607,1.68.0,,0,1,300,3,2018-08-23 02:52:43,3_2$51a1f3d91cd08fbf0a57c21a3c00e5be9553c49f4a3f4e58f1ac1f39589f0758560fdea609d5160b646b203338b73bc5536bf230aa3ad7a2ab42e92dd79a0024
1969,1612,1.68.0,,0,1,300,3,2018-08-23 02:52:43,3_2$3c1497b876b2bf0aff83fe0eeceb3978c9cd32b1dad3a9a62129ab1491733f5a5d462189ca83a656c8b9b60ecd6974787315fcd18cf4fb25b2e3d08fe7053924
1970,1158,1.68.0,,0,1,300,3,2018-08-23 02:52:43,3_2$a13796359971edc3f3764d7d0548b831b8ea6ad0bb5811f4938fe2dd87706a38d388894678f8c96dd36488615d608b71acd0de46460a51ad101196e70747a982
1971,1166,1.68.0,,0,1,300,3,2018-08-23 02:52:43,3_2$e0c0713d5d5f66029f68edbf24f35bcd9e5d913a8ff08e8152190e20597c5bb7d719b4d8615d5260b34bdef6be2ec026c14c87c7e297b80e692e400d261a4454
1972,1146,1.68.0,,0,1,300,3,2018-08-23 02:52:43,3_2$179065c4ba43dec24922be8e1aa1e949b86d6eee9e0205bf9b3f60e4fea7954bedf09124632a08fa62b00ffb262a92cdbf502fb5874238d3a351ce66140a3d08
1973,1148,1.68.0,,0,1,300,3,2018-08-23 02:52:43,3_2$01c9164f8295a076745b8ed7b5b1a344565e797fdb2377ce9e7b4770c14d1b45b866dcde8af459d81617b8d4c4b721a2f69a6a157f92c81aada3e319b4fcb0ea
1974,1602,1.68.0,,0,1,300,3,2018-08-23 02:52:43,3_2$9f2ae6327287b522e6a8cabe60d5343e932134a76d6b109dbf5f0e7177987f3af8bab095206dd863c6b806ebe51414e028dea452290764d89c3b86f9c1c5c63d
1975,1152,1.68.0,,0,1,300,3,2018-08-23 02:52:43,3_2$d66560a83597cc3cd6e916803dca59812c456d9d61bbb131df92c3391603f1e73674255674b90032160d19044da9cb2c21705ed343ccc05af030c0138929872e
1976,1153,1.68.0,,0,1,300,3,2018-08-23 02:52:43,3_2$4f8852064ff95ca69e5076e1a98ded39774a658e2e432c4fc5b59e269bced22b6866ec10cfed93f81239e36d41cfba07b98a34c20e138f00b7e20a13b1aee2f9
1977,1147,1.68.0,,0,1,300,3,2018-08-23 02:52:43,3_2$221b5dfb32316a69d5c9a5812581a93369beb9c3622ef1f046da849508f9c316bbd499855b8210f85bcbd322d2b563d419f9d9c83e12a6c3b6598e20badd8bc3
1978,1154,1.68.0,,0,1,300,3,2018-08-23 02:52:43,3_2$19f6a05dd29c8ab8b9e8a532427ac00e2a3b8cafe347cb11c595a75a03e849ac98dfd3182d744bf7e3b5228a963336ae881542674a8c5dd08e2a32c245259143
1979,528,1.68.0,,0,1,300,3,2018-08-23 02:52:43,3_2$af46cd187f254a939e0c9be65005565b30b300c50dbda35a2e1e421dbfea95ce42ec8d0ce5817f28bb6ba725868fc128caf68d9a9bcdf5867d2c806188e239f5
1980,1606,1.68.0,,0,1,300,3,2018-08-23 02:52:43,3_2$cdae310e77fc62b7889eb20bb114c67edc1f1508f3fe4cd1188dd9e5f45228ec36ced24c88a09719f19aa8bb0526b95337dabc6c6bd6f06e03da7eb622ae09e1
1981,515,1.68.0,,0,1,300,3,2018-08-23 02:52:43,3_2$0922455a232db7a04b43565797a6df629ec8239eb1ddece7f911bc5b1405952e60fa62f1b0a79f276a9f686db2167da7f5413dce03f4e6943d4ad69db7fc0171
1982,541,1.68.0,,0,1,300,3,2018-08-23 02:52:43,3_2$1f492a8bf9f0cc1a6da87164f77a241dbc762714d6141b813f68655bd6f0b8bf9d8613c43a15288005cc8fbb92ee57cb36b9919eb6836f3decb4c0d3ec98c8bc
1983,1605,1.68.0,,0,1,300,3,2018-08-23 02:52:43,3_2$62d8b8bd24acc52d0ea304f1b7a88d1e31e6e0b162f1149f38e97f8a45fa183839422d2d7a3f69658be453594e43467cb0846f1b57bca2659b3ad5ffd990da4e
1984,1611,1.68.0,,0,1,300,3,2018-08-23 02:52:43,3_2$3a4526ba6e0bbef0e4e9c327ff7118c15fac86b1ecb0de8b33a51cb1b45b5f61ee7d3b6ec70cf9ba9d34e5d28ecb30661f3e15ea460d466d9f1fb68f148a64eb
1985,1150,1.68.0,,0,1,300,3,2018-08-23 02:52:43,3_2$084bab4bc39a97d6853275c05a0e92aaad16fe33b71e54d67b574d7c4f04c229cf75ad753d92c4975805614a432f1fa4aafe2e42798dfd026716dd255c6e113e
1986,1172,1.68.0,,0,1,300,3,2018-08-23 02:52:43,3_2$6c0a2856c548c4f7a0c65992a108f9ddb65d417b64173cbded67d4e67716163c4c5c11c1b3342e21d1684ac68bbb5b8913ac4ed5d3686bd81902ffc332519d36
1987,1157,1.68.0,,0,1,300,3,2018-08-23 02:52:43,3_2$fd9372814908da039dcd04d00d1dfc78466e4e6d749cdb3d12a86fde4c151a5c3b55debfff813d90235baafb7598ba9d38ad31f85af93e55a3d7345e5699ebaa
1988,1608,1.68.0,,0,1,300,3,2018-08-23 02:52:43,3_2$dc6bbdb40a89b58b5cba70a53bf1b7f981d2e8adbaf2c5584a90eb1fbcf5e3b1104aa59bbfe125ef3adae17c4d37dcb3e66c232ae8d461279b2c158b8199fd04
1989,1601,1.68.0,,0,1,300,3,2018-08-23 02:52:43,3_2$96c322ba26649b684ebecbc098d364d7377780a366a86dd12ee3d6769d884ec55f67cd9428619cf2ade65cc13117151ed6db485361529975b4789b6f01af7710
1990,1155,1.68.0,,0,1,300,3,2018-08-23 02:52:43,3_2$a1f0f6aaf1841908f9e23188205f527adf10b2c1811255424c25b77ed653b3686bea911b426c3ab41426341be5f63e4ec241bc85e488bcefbb4bfbe32367f2d0
1991,1144,1.68.0,,0,1,300,3,2018-08-23 02:52:43,3_2$256bfdf190d8e0a42eb5d2c24688128674723f5efab734866a689eb73ec8044aca36c638b43a1519895f852676d51f01438873c1853c4145a3a1d9f05a2f7201
1992,514,1.68.0,,0,1,300,3,2018-08-23 02:52:43,3_2$780fdf70e6d2aca7e3706b756ba48b3001b65308b1f07530cf0954000a3bd5d6c7b19d1038abcfc697000acb09166c84a4ba5e4bff73bc3137734e911f34e49d
1993,1604,1.68.0,,0,1,300,3,2018-08-23 02:52:43,3_2$dbc2290c6543d4099a24a489db505df34c5647bfdf5fc0268caff9bd76aee6429919de743701795a911620818d16fb698d90d7edb613eaffee49d978d531b19b
1994,512,1.68.0,,0,1,300,3,2018-08-23 02:52:43,3_2$35c9db009323a7ff0a922949e1ffb4da0234da1c1f9a0abd4c8e09dd5d4ff98349aac42fd635ff30de3cdd7eeeb8b2ee19a374d0f999026a9a9f2aa00125cab3
1995,1603,1.68.0,,0,1,300,3,2018-08-23 02:52:43,3_2$1ffb9c9278b95df6f007e8224c53f35535153794091fd650f4b89edfc45b12718e22edb318fc5ee5f6e0329f0e042e3fa755764420c10e3493c5eec65a02a812
1996,1168,1.68.0,,0,1,300,3,2018-08-23 02:52:43,3_2$c719dd8b8dfe8f43e35d615aad96c73f555a0d6723143be1fb8e25048a902558613fc450e44599d402e80f966cae2470b11530ca5827fdc17983f9fd45a6b7db
1997,1610,1.68.0,,0,1,300,3,2018-08-23 02:52:43,3_2$ca658cfc54087f4224f7b1426aad3379f673067d5e7de38ade746eaf4af2f7019391cb90d761c683341b2aacd991411c12fd1f2dd29a3c75ac1829e4283e6f28
1998,1163,1.68.0,,0,1,300,3,2018-08-23 02:52:43,3_2$515f1ec3a57b47771457f27f6f2eae3528db365589a1da87e201116e9ce674aa474b76d812775cb1299941e8e67d4b8b704f0e268d5de801ea0a058f817b2418
1999,1164,1.68.0,,0,1,300,3,2018-08-23 02:52:43,3_2$900275b7fae9bcaffa06efbc752dd3c50617dca8ef654768ab998b7241342864fc26577756642c9dfe96b9420c1a58bef11e5d6547f7f5aef1deb32424fffe10
2000,1161,1.68.0,,0,1,300,3,2018-08-23 02:52:43,3_2$b1528f23d2681f6760ccfa52e2897f06abc47fbaf814058b616e11e78f1c4fd13a60d47d9454e6284a53aaed93d107107c2963f0467ca446db13b13009a2c28b
2001,1170,1.68.0,,0,1,300,3,2018-08-23 02:52:43,3_2$320524d3ef320cccf59554bfd1f002b1f614cf9f1836e55337617342e918ab06b2f51225a09d6aeb955fe7dc0ef246eeda87614381aa2409535e847dc63056b2
2002,1162,1.68.0,,0,1,300,3,2018-08-23 02:52:43,3_2$3a433db2e8bb93594d293faa0da15bddfd3ce112e565d772ac8ab9a6aa1d2384e20dfe5ec1e97b2894d74e937d35d36278d0e36eaf74525e76aafbff2b4c1be6
2003,1609,1.68.0,,0,1,300,3,2018-08-23 02:52:43,3_2$5f6da33182edf8aec37a1d4fb56663062a415ee3be796fbdbacc3d2c9bf5c6a5ec9509af365395282ed1b80a7e925249c53c15e80df5085a120b8be48044da25
2004,1167,1.68.0,,0,1,300,3,2018-08-23 02:52:43,3_2$5ab8f1ede8a13191717facf4d5aefcf83d1d04955c39b903a9f4677b80ccf412013e6f58b161a435e70a5f3cf7d3f8b7b839cd68b2d3f549e99571fac10d10b2
2005,1171,1.68.0,,0,1,300,3,2018-08-23 02:52:43,3_2$81fe51adfc1a90660128579e50eb340aec6a9b363eb758ead345c5152085c92cbea3ed4ae988ac4037ed169859cca0285e5e4f7761a1dbafa609e3246cf5e6ce
2006,1173,1.68.0,,0,1,300,3,2018-08-23 02:52:46,3_2$0a91b37ba367b5bcab8818067841b67882d94ccd6e52b9a05686d5f74d6504e60dfbb26a7385a92131a755ec68f6b74d3138f324dd5d05487f89e19e825892fd
2007,1620,1.68.0,,0,1,300,3,2018-08-23 02:52:50,3_2$2af2e0327ae502bb3b4b72fca17cbcd4583cc3ba3f2406808184abeb6f4e6a20cbcffcd405bc537f2bd15a168baf87cfff7f94b179298fe1b741b2bdd0a89f98
2008,1616,1.68.0,,0,1,300,3,2018-08-23 02:52:51,3_2$9039f7527e3c8f1682a826ca1185015bd7e924da5e09aa6ef76ad66855ad2efb625215088b074d837d17764cc37458a7305108895498a0de60e9cb6b6dac5c6f
2009,1187,1.68.0,,0,1,300,3,2018-08-23 02:52:51,3_2$f71641d688bb48d8e8bd9c5996a07dba4e40b6735545e4bee6236b26af7e31574011e7721dc1c9a3a59c1ee05bbdcb5c9c396ff6f1d7a4380ff4221e524c01cd
2010,1190,1.68.0,,0,1,300,3,2018-08-23 02:52:51,3_2$d54307bd05ab72eb47998cc522b249d2aba62747e0d57552659b7688d904e8a79298e88175c62b1d88827d9c97a33e895152e9d950db6f224723fbd1c93b9104
2011,1615,1.68.0,,0,1,300,3,2018-08-23 02:52:51,3_2$21324d80dacadae4998edbd93bc4b6393522da49ba5d0661b4514d54588fe5832d28c8cdcdb380c50d99b53b9a4818687d5378469125b87da13dce45a84e9144
2012,1196,1.68.0,,0,1,300,3,2018-08-23 02:52:51,3_2$dd1e98236b69637f7753ca57e18ac0650d89bc8efe85de27c510acb7acc9cbee339ddb9c195bc7e495ade7d03df1b3f55beef5a0a5f4d6ebf092f06e5d65a160
2013,1202,1.68.0,,0,1,300,3,2018-08-23 02:52:51,3_2$557b4c021e3568cd6f86328640ccbcc93760bbfed429ae4b3c6cfb202ce829f22eb969450deac855862feacc5f728ad0a34e858691e19c2a7c58d1d7e648d6ae
2014,1198,1.68.0,,0,1,300,3,2018-08-23 02:52:51,3_2$8fd363b602fb8eef07dc467fabb89398f395398d6e24a410b0d01f9c6ddc4bb4e284363afb6dddee8bb56e2d00896e14998471f1933ac9a29da54f2e94045e31
2015,1193,1.68.0,,0,1,300,3,2018-08-23 02:52:51,3_2$f573bb31fb88c56cc01f141a0dbd2606188666a1e216754d44666e19bbdbddd6d4eba5930f173798b9bea7997981bf68657374d5ce35ff47c36a2df479d01c95
2016,1199,1.68.0,,0,1,300,3,2018-08-23 02:52:51,3_2$ddd63dca7531f38e9a42a25d997544b50d62197fd15ea744547978049b3328455b4565470923ca5672c91bb3f4e305edf10a02f17984902a4b492d28eca73347
2017,1175,1.68.0,,0,1,300,3,2018-08-23 02:52:51,3_2$ee69c1c572101f32e63e51b612bbbfeebb79c8655c2396c516b76674cdaaacb70b20338248321cbde9eba026d2a121956038bba0e5bb391788f4be662a7d600c
2018,1617,1.68.0,,0,1,300,3,2018-08-23 02:52:51,3_2$6f4e273eaea79fea60b5b9de11a70774e718433d8cf8bbf3d05ccf5fc97d89c28b0c202bd06e9911cbb975f3415ddbb8c82b7cf58a1431ed1fc81464538635bd
2019,1621,1.68.0,,0,1,300,3,2018-08-23 02:52:51,3_2$1c7b052514193829733fb055e84c8468b965b09230ff1fbd0fb66d229df9486feb0c4509cea7ef945031da4936980d62548709c3f4dfc2a4edd6275a53d52b3a
2020,1206,1.68.0,,0,1,300,3,2018-08-23 02:52:51,3_2$fc210d40162c10b1b8da4278b3c334152e7d1bc783ee35a47127f8b2b99aa16b831890ff0615dff6a80b0e6b90d0b1203538562da82bb89ed6603ea2ee2f5716
2021,1210,1.68.0,,0,1,300,3,2018-08-23 02:52:51,3_2$d1a595c960405116a0e146d2c9d673bbac08cdc68db87ad1e46ed3968797243cd4f8554a9e8aaa10e1901e2fd41a2b908b7072b796c97cb6138a88e1f723c65a
2022,1209,1.68.0,,0,1,300,3,2018-08-23 02:52:51,3_2$1ae620725cb0e3f3f9dbba4469eb83a44cfb3995cf9b58930c288a3c664f967943592795ba33daf4d789f7890c61a3a7b52a96130f380514bfc770779d87446a
2023,1208,1.68.0,,0,1,300,3,2018-08-23 02:52:51,3_2$03ec0a2f3bf2b885e7c1cc15266c2cc5795d14fb1c961a600058bcb9e95efa9b38d26befa251d6b835f76a62fe4b8a0b0f5af72515ce9488dbaaa539e189fa74
2024,1181,1.68.0,,0,1,300,3,2018-08-23 02:52:51,3_2$3616fddb6f83f84744018558559687a11fb0bcac523ee16274fc361a80e4c015d5880167700a9e6e2d97d41369d4b947b98caa7cf97e269831868cc57e6a179a
2025,1203,1.68.0,,0,1,300,3,2018-08-23 02:52:51,3_2$187dcc88e34be4b4c00bc96b971cfb44b6d61d36691e915cd78a889f9a47b3de3e37fb86850d1179ac86fc2c0cb7307b28f557dcc9c03d55774b5963479f423d
2026,1183,1.68.0,,0,1,300,3,2018-08-23 02:52:51,3_2$07898bec53fd385aaf82aad458ac11c2982bd401a7ea50d9a6a5412c3f9f4392b4bea32ca5e2709749a1a4b049366466b1ff8c06cb27b9616a1bdf19fad92a16
2027,1174,1.68.0,,0,1,300,3,2018-08-23 02:52:51,3_2$639cc3ee3e6c5b19d5bb393c1d225995090ae634878eb58dc39a81f1fdf7a015c686c821228a9ebbc9b9dc9c190aa388b4c72d973df6d664f53b4e72e29dd54f
2028,1211,1.68.0,,0,1,300,3,2018-08-23 02:52:51,3_2$f97a841295bc4712a1dcd42e8f39431c1e0f0e5fec25ea6cf984b3606b53efa2c46544962c351cccb80f56de7e8305a0df02315192ad6e6980e5d8f22d320db3
2029,1204,1.68.0,,0,1,300,3,2018-08-23 02:52:51,3_2$b3a8a8c86f9635d2fc12ebd2dbe02541e380ef448f2d94bb504ea3095bfb05c14be3808839d72a8a4eb8ed21919b492b65528befcd1e6723ba15b81fd04e849a
2030,1614,1.68.0,,0,1,300,3,2018-08-23 02:52:51,3_2$d669f9436082c0efbf01f5dbad414928e56bfcd034ce41a045f32928de8541c08ccf60bab64bc474df3811aece75edc131e2516870c99e536dd78837add0c158
2031,1179,1.68.0,,0,1,300,3,2018-08-23 02:52:51,3_2$566acd30cc26fb5ec4aa5e508cedeb27279cad221e8f65cf2dfaf9e3824263dee5f00abc13b7855a060dd749ad69cc90aa2d9d716b435c644e40bd50517092d2
2032,1619,1.68.0,,0,1,300,3,2018-08-23 02:52:51,3_2$c372c89ab68c4bb339f79f1d687c10643f0b73c86a2644e7f928b99186047dcad776e9b7999802be261b6820c2509916eb858b97333addd0bac5406931d3ba0c
2033,568,1.68.0,,0,1,300,3,2018-08-23 02:52:51,3_2$bd71f2f981e78a36a4c2aa27d80204ac23af1b3996e89f7139ccebfb7a9f411955079b725396e94e38815e9804632937d446a66266f64d1a622ce84390651782
2034,1192,1.68.0,,0,1,300,3,2018-08-23 02:52:51,3_2$1440e7eb3786c589ae18967bcdbf5f79e4f3fdcc2a347c69da31c183a51fcdce78917606c368d9970fb535716aa04ec747873b04174d9e02b12e14f777cc8905
2035,1200,1.68.0,,0,1,300,3,2018-08-23 02:52:51,3_2$780ca4b54803e5bbe597da4cd33f9bee805aef7cabbfc4aa49facf9f1fdd275a18ab05f2a897458d4290ad64cbb060e151e62115a5ecd4334e381773446d947c
2036,1195,1.68.0,,0,1,300,3,2018-08-23 02:52:51,3_2$2b1f8acf0c291f35f93ca57416256e3d2e8374a93d20d2375a2e73d90b6e8abcac6b9c16f7ad7d97133c3334da0aed7c62bf2689ae1b604928484804e8323161
2037,1185,1.68.0,,0,1,300,3,2018-08-23 02:52:52,3_2$f3dfbd011430f30e34bad84a134ab5eb95c5d5516497efd09fe5505bd693e49a393b3771283a24d7b8c8450f8063fcdc88bd4392bb836bd31e201f3889a80c6d
2038,1182,1.68.0,,0,1,300,3,2018-08-23 02:52:52,3_2$24f6a04a305de96b24b3177d6e678a58ac1bf17b2f11b0634e53e75602f04741ffe5d19e0b27ec131018d019f914f5928781e246d1e9c533a7bc0a8a9a03928f
2039,1177,1.68.0,,0,1,300,3,2018-08-23 02:52:52,3_2$e6ac5ce33699ae2010c6bf5133ddcb0d531c9937ff6c091d02647d2be6797d3807ae2149f55890bdd41f1a839ee33e17623c6fb6173f0f40d4ef0ffc0169a7a7
2040,1613,1.68.0,,0,1,300,3,2018-08-23 02:52:52,3_2$406143a1aaac38747904022699b0d78b89faf46849131332f1b70c9a3017f54d680d420638b448dc74dc17c3c41072deb50da3d2ce85a5b98803a91f74b9109b
2041,1188,1.68.0,,0,1,300,3,2018-08-23 02:52:52,3_2$cd50671c04e3a28e46c14aca7185b0d2bbc86f992955859aeda0632554b3877180ef400b50763d77a5e13319a047d85e6f2fcc5fb33ee038b68e8b049d20e08d
2042,1178,1.68.0,,0,1,300,3,2018-08-23 02:52:52,3_2$f64554e0b346e66b84a500b9c2ddb8793ee7c2c15923ff7851cd40220996afa19c04909b475abcecfdcd716d7049509b0be0a9fc5131872754cd5d88c1700d45
2043,1180,1.68.0,,0,1,300,3,2018-08-23 02:52:52,3_2$e7bc1f948238cc92ebc274c5a61c9e5f4faf4619ba10bdc7214d2d44eb040e4cbeab09a6b8ff393898d25cad8695a1baca64585aeb53ea3fdf792d9f1bfd0637
2044,1176,1.68.0,,0,1,300,3,2018-08-23 02:52:52,3_2$1773fca7b996917dee7cd6bdf8ecbc5b57ab30d76fcbd488378b89fa693ae9755b7ce888f8d7630d10d5c9ee637344f7da19f7b1ad9ca8b207917fd0b7abda45
2045,1618,1.68.0,,0,1,300,3,2018-08-23 02:52:52,3_2$2cebab74bf3efe0eaebbfe3e4a114c7c20cf462efb63251ac479b14704038c5e397cdc6a0b1faa53bd89fdad5fba0b95e3c8b5571ea9c64e25cb4fe94d4f7e42
2046,589,1.68.0,,0,1,300,3,2018-08-23 02:52:55,3_2$ed6f8c7eb27fa404290863f455a7d9e245781d950c94423545ced6b83ac6870b6cc157618689a1c66c6be6144590a2989ee0d27f83441420534e6346fa743188
2047,1231,1.68.0,,0,1,300,3,2018-08-23 02:52:58,3_2$b44eb0d3afd66e1d02bdcdfa8b80e0f5f7dc5364928abda05cfb2baba3dd8bdd10ecd8eaa7b3ef741c8f45d7f9e0645ef0944b0406292b90c1ef1cfc9bdff75e
2048,1245,1.68.0,,0,1,300,3,2018-08-23 02:52:58,3_2$13404adaa6f4d234746df3bbdf7ddfec09dd5ee333290b895c5cf490cd1d04caa4087924e87827096a5bbfc722039ae05302705d646beca8ff0a742b40a4e1d5
2049,1240,1.68.0,,0,1,300,3,2018-08-23 02:52:58,3_2$0f52c39fb3610c167398336b4edcdadd5dbe1ce86367c2ba6813a0e52ac777e5f9dad75d30cf76bd3c1e4e52e32721894b3211d70f094add8bde992e2af40720
2050,1228,1.68.0,,0,1,300,3,2018-08-23 02:52:58,3_2$db15ede8d44a710c68c1b64e3baf741bf713a67ad10183c63c7f59e536cf8409b1f5e4e3db9169736a3400e2ce5c07033dc03917fa0e48c375a7a36b0c571c22
2051,1627,1.68.0,,0,1,300,3,2018-08-23 02:52:58,3_2$e77087b4f288878424777625fd1d9144ca770bf2359172fb186da841dc3ff3bedb32b04c55333b275eb13db3a830561ac2d95f8bb6036c3a51c358101a7debce
2052,622,1.68.0,,0,1,300,3,2018-08-23 02:52:58,3_2$0d079aea7f53f33ead49e21711ae2de192c2807120becc38b4db0f22b078138f0f2f6cd08475512d66d9df9fa9aea552f3db9d2073d4deafb634ac1587fab434
2053,1630,1.68.0,,0,1,300,3,2018-08-23 02:52:58,3_2$024818f7f3cba100df6fedef81f14ca1cdce87b7d04e999cae423734aff8693d34cb5b4d6f7a229bc0e059a164b5f01034c3d069bfa84ea5ae2cd75a31237d1e
2054,1234,1.68.0,,0,1,300,3,2018-08-23 02:52:59,3_2$1200a8963bbfc72098c9deebdf7ba0934de85c4660110b73253e65bb74b52a4c83dd33ff74689044819e0d91d62aded71feb4cb731c8533b7ee3725c0887363c
2055,1631,1.68.0,,0,1,300,3,2018-08-23 02:52:59,3_2$da957de88d9f6df07ca323fa30cffe04ea32cad125e0df15fca9e91525ddf138cee179152027ac9f3e7f911f515d65b1f8e0df0573f5f4afb480f996668185f9
2056,1244,1.68.0,,0,1,300,3,2018-08-23 02:52:59,3_2$e8e2d4a6472504a3aa9c8acce79653db380a280398fe3268abc2bc64ff61c123c630299039c0ef8393fe66736bed18f4cf1dcaebd6d79140cbb1640ffe4fa228
2057,1226,1.68.0,,0,1,300,3,2018-08-23 02:52:59,3_2$35456e5d952f253bce092da9b9318428e9990403b3f413fd66a2ec2daa99eb170a26af6973c5b4655ed9a1b017998bb52e37bb29446be5bdb95e104b530024dc
2058,1625,1.68.0,,0,1,300,3,2018-08-23 02:52:59,3_2$5ca8b087b93af1dc210bb7dee51483e19f1a0c8463a6a0f29f2857978d268130796e133eb9d61c6d99d9e1d63d442fd37d81532622a3cbbc3d0e0116d87a07ae
2059,1237,1.68.0,,0,1,300,3,2018-08-23 02:52:59,3_2$a9e167e3278cbe70d6a6da815fa7426de4e22f05045591ea5aa51f3fc656fca7e3dc93b704268296b9183f95747abe405b0d36143e497c95c8486ef247df5420
2060,1246,1.68.0,,0,1,300,3,2018-08-23 02:52:59,3_2$6bb20554f1a15060f4772f8c1027e1eea4d8b439196c0484c8635b93f0832cbe47c5021fe316800e4be7fe98a04ad85f7ac2ecabe5cb5fbf8e69a0bb372e6370
2061,1233,1.68.0,,0,1,300,3,2018-08-23 02:52:59,3_2$425b9d9e0d37032da7129bc2ff6d1dba4068b3df9c2a9346d66eb2dd0eab79ea2ca65e65132f8fdc1d876eba2d6875a043e508f70a4f38d63c63275fe8e4d043
2062,1236,1.68.0,,0,1,300,3,2018-08-23 02:52:59,3_2$39cce68e4b4612084ca1e2086284bf9d4b91201380b9675cb76453297e5d4ff394013e455f421de012230ff9ac63499e9c9c92712ebddbc82da5db774e336aee
2063,1213,1.68.0,,0,1,300,3,2018-08-23 02:52:59,3_2$cfd10347b559a4baa75cd6dc2ce1277c311770a8970310139020274cbd0f2e84c86dd33c75dce9bf8bdd1d7b7ded61ac71b43a99b29091fc936912e72ca48c69
2064,1239,1.68.0,,0,1,300,3,2018-08-23 02:52:59,3_2$35320e9948cd6e78a2680341b20737146035e6e55f0bb63202fa9d4a6146f720eb47510bc9f96d1e7fcdb498ee3fc828457af2e1da4808c22c6787eaefe3c1c1
2065,1230,1.68.0,,0,1,300,3,2018-08-23 02:52:59,3_2$8199d358fa3449778df3f54c94a461f7d9cb8bbc2ec5e81f1e4f57720f5b3faea892512c5c2b4ca626f86ce4aaffec7a1723efc7bc2b556da05a3f227c674289
2066,1247,1.68.0,,0,1,300,3,2018-08-23 02:52:59,3_2$0e12c6a88faff233f6b80fba8a2aaaec66132f7af40090dbd65b6b78e3d6d7fa50b22b723d69a5ee14d01be730cb6b2a4e5247de2c5eaacba358f80149d18f1d
2067,1227,1.68.0,,0,1,300,3,2018-08-23 02:52:59,3_2$115f95feab8e57e1fc091ba1fbed86ce1e51f533aad662e8a6b9913161f2e08633ff944cbb3ef3bc8dc81536db1a2c88abd835954447311e1adbeb7142f8e068
2068,1624,1.68.0,,0,1,300,3,2018-08-23 02:52:59,3_2$7a648d16426fa02c42de3db1cf7db677e5b8832a696154c102b71b3661b59a3b40713e6273f261609d0e3331860e7a773c70bc671662a49d1ba665309cc3c782
2069,1217,1.68.0,,0,1,300,3,2018-08-23 02:52:59,3_2$b87a8d8b6c9810b766faae2471d1ef315bbe73714f82b3935c3e6d025734ece8101d96a9d32b4b95898b29f91a9ff5e3c449f01912e7c74d01a4af40655f38e5
2070,1225,1.68.0,,0,1,300,3,2018-08-23 02:52:59,3_2$1d5b61e3ce97bd45d661330896170c960578d612ff1c95cdd5212599e9d9e3d23119abcc2383e3e68a49a47f221d99b8ba9db22ae129d46cb37b3226e5ceb62f
2071,1214,1.68.0,,0,1,300,3,2018-08-23 02:52:59,3_2$ce04dce50a3498eed818f3a3815b6dfc468310d311562d0daa59a5a4c98769df6a0a2044b6d7e9e57b357d60a54308b903188177d9a6f1591879c0f357621360
2072,1218,1.68.0,,0,1,300,3,2018-08-23 02:52:59,3_2$570ea52fb69cecfc9eb8be00bbcbec85e52ba85c6a584fdfedef38f25cc46224b32a094de8b46b96a0210898ad3ff6529f37c9bb51e485655666e7337007a7d4
2073,1243,1.68.0,,0,1,300,3,2018-08-23 02:52:59,3_2$07fcf97409da9b114c786a86814fa0a8c5f126ce3688785051823bb5c88abdc5fe4b0f32d739c29bb03ca3b5cdb6d1380b95c51b2f34eac67aa10bc98bd57584
2074,1212,1.68.0,,0,1,300,3,2018-08-23 02:52:59,3_2$e68910a87bb1c32b0a6601816569b120539cf59b3f58b4ac72135e8535848850c195f2dbc43ab590f7390434be23863efeaea436f22d8a9201d308adad7cf7a9
2075,600,1.68.0,,0,1,300,3,2018-08-23 02:53:00,3_2$739eb7cda98a8221669602e810f26cf5fafffb07170ec9d159084428ac06101261c210e505545e5622c8dba640dadb944631ee4e576d29ad8f15182f5d81932a
2076,621,1.68.0,,0,1,300,3,2018-08-23 02:53:00,3_2$87882343ef7446e1345c1ca5cde6cb57ead731f966c5d4baa1416b5466dfe7c604b0cd79d8f8ce2a4c58363c99954073df381765794af855005c28959350a83f
2077,1628,1.68.0,,0,1,300,3,2018-08-23 02:53:00,3_2$a31a6a5ce5bbfe910cae6045dd035c594619166f390c987960f3761b092273c5ed2bd99f594a2d2390170db936e4d155dc98d5281dbca1da448a07d2db75eba6
2078,1229,1.68.0,,0,1,300,3,2018-08-23 02:53:00,3_2$65e1580fe24bec4ff0ade41a90145a43ea47f94b531e7bc7ab191cb567c38d62eac6d166ef6205a8b73e51044358645226849c13546baf5b104420d63050e648
2079,1235,1.68.0,,0,1,300,3,2018-08-23 02:53:00,3_2$d4781eed3fdf04745592889ec3658a040d46bb45c3e1c3c9ead04b7cc9181489106a9417435529d092cc55cc5586bd14e0380c41dc1e9f611aae18b264ae29d4
2080,1629,1.68.0,,0,1,300,3,2018-08-23 02:53:00,3_2$42db14c9d79471faa1ca24c14b004f9f4c6c902ffefb6df47256765789427ba35bb049e57eef88251e5a30607c2478c98dce16a45dac80b2d367cef7d775cb61
2081,1622,1.68.0,,0,1,300,3,2018-08-23 02:53:00,3_2$408c9e85867fee444569c16a589dc8627ead31e70c815a02b76c262f3455a5f4da8f7806cf4811a39ed757acd0fc59f8b6dda22c330446800c0dbe72f789dbf9
2082,1223,1.68.0,,0,1,300,3,2018-08-23 02:53:00,3_2$829e79387a359767abc7170eb48b070c202b17966b96a934096ae2c7d46e324ca16b671d971afaa9e2e85a1ac81ac6217ad3f6feecc491aa49352ecccfd916d4
2083,1626,1.68.0,,0,1,300,3,2018-08-23 02:53:00,3_2$db499aded11511b0c21d74b872d4f64adc7e44d35b2c180d9e07357dd8742053ef9fb53bc9187ccb9f40e7c0fb02e2c6c6f8818d1d15018c07a03395dca5ff64
2084,1623,1.68.0,,0,1,300,3,2018-08-23 02:53:01,3_2$9d855ca964204bee08825d7ec8b7fd6abba06f035f90c18d3a094ed433b6d2ef348c8259afe3454a411cf81d6ba3598088fd887edb1d134ed0650fa1b760d553
2085,1219,1.68.0,,0,1,300,3,2018-08-23 02:53:01,3_2$35770762e6562635053a9ed9790a6030d8feb6f1143ce5abde5b7e304a7accea05ecec0a2b6d112abe3ddf5c982eac24d182b16f223ec88964b126a48e032042
2086,1632,1.68.0,,0,1,300,3,2018-08-23 02:53:03,3_2$c9a2d01a566dbfa5422f61c46d97636f481092644a8cca3ae75fc5c15bde86ee2a9a8c0e37e97cccbaf1b9a20506683a0a506be2e9f59ba2ce112ff072fee4d6
2087,1249,1.68.0,,0,1,300,3,2018-08-23 02:53:08,3_2$30380608cf1620ee9d66e062a9ac6a725a354caa75aaf9c3eebd6d32990ea4450e7ab208a4057c695e7bff4465f264ebebded983e15900f18e4827656c4204fe
2088,631,1.68.0,,0,1,300,3,2018-08-23 02:53:08,3_2$5459a7fde82661355053c7ac9b40401a3646388e932ed7049d0e839774df1a75ce154fc636e1601d35e038acecd352721558e077f4dfd4b2352b30285bee7ef8
2089,632,1.68.0,,0,1,300,3,2018-08-23 02:53:08,3_2$e9e15b8ac1594607ee05007b74b15342c28d8f512211de337202d809efe8e58bb460066fc1119beba12c66c805d7e7adb65b6d17732710cb66f010038cdf9263
2090,1633,1.68.0,,0,1,300,3,2018-08-23 02:53:09,3_2$a0fbafea4a95484592a19c6ab408ff0e3e1c858e7e8883b84950ad75b67ed8880179d90e85aeab9acc797ba956513f2fe827438118a849696c62dd4cfa97b360
2091,1634,1.68.0,,0,1,300,3,2018-08-23 02:53:09,3_2$a331bc750054cd4f67759a3fe6352c9a888dbcead5bf52e13ea84c1771495f5859576b384fa8bb0b1ec0c64301359c0145a7fee8d0a72d89d77a41b89ca60702
2092,1252,1.68.0,,0,1,300,3,2018-08-23 02:53:09,3_2$a335edbbadd9052aea4a8ff3de10aade41033d0d5bb1b9e091912d76bce7c41c4747ba5eef75de1a1bea5822e8cc3cd67fe76c194e976daa955f883a8be31f4b
2093,1295,2.13.0,,0,1,301,3,2018-08-23 02:54:04,3_2$285ae3e69f0227ce61f445b0363f89332ccda6d68b5d7e1db77dbc01db7b5e6b0582fcaa649b22ca1c11e33c606516994b02d2dd7f4ea93505979cc0e1f31e66
2094,1291,0.34.0,,0,1,302,3,2018-08-23 02:54:47,3_2$b944a5b5147237e8267bf7feccab2d15f2e028e33b2097117575756b386452d877fef3546583a45e246a40c335ebde163230dc73976d044ca10bb75677ba9aa5
2095,1290,2.9.1,,0,1,303,3,2018-08-23 02:55:18,3_2$f19efe3806514c2bc9601b514348c893d6b3483b5bc6c64f41a48a88db4d2696020b47a71a69f43b240e53622ba75f7e7b91d262ac76657bdd85c02926de2c13
2096,849,master,,0,1,304,3,2018-08-23 02:55:39,3_2$8b0ef90d65e0733f7f6840cc664cc4f705cc4da7cbe22bc9c87d10efb5d564cbcfc6d83e3588a0cedea2e23fdd74594d20c78c84ba463868deef56a5bfa09d22
2097,1276,1.6.35,,0,1,305,3,2018-08-23 02:56:06,3_2$a1139ced7c2c25287a844c3137029c10fa1568c27071e50d55c9ea5a1d01e46122e106f85d13a236b0b1f1e3373a51c897aa5fa2e68816c3642e25c2e1a6cc6b
2098,1274,2.1.0,,0,1,306,3,2018-08-23 02:56:32,3_2$58babbf220818491afcd0a600a18cc60ac4fd5712b016b25ae1e0981fa9b5c1da56c6ede7619bef87867962d9fb6e87c6296b2fdb956afe3e14caadc3c4b7c96
2099,1635,1.42.3,,0,1,307,3,2018-08-23 03:10:34,3_2$d8c1fc83cc7e64c1bccb06b91d8fc3ee295afe5b0fd6f91ffe0a1f96207bc25d4bc044a1fca3399e377b9e9755f69361ce50eadadfff6bd172517e8b7d821118
2100,1328,1.42.3,,0,1,307,3,2018-08-23 03:10:34,3_2$fabab1c214d8d7a09f586c9b23cd940163ca5993eda13ba765811e998e69c9ec0dc742e5746476b3e921806059b160bdcfcbfd38582586e780e75e5419be92fb
2101,1329,1.42.3,,0,1,307,3,2018-08-23 03:10:34,3_2$e6b936fe4e79546e1749cf3c759a7e09a7c20fb333a7012435c4d9427ac9cd4386c0f9bed7c3a565b0aa979a8c76a1f7ef61b3cf7a3d514e423d31153b7b3e4f
2102,1320,1.0.5,,0,1,308,3,2018-08-23 03:11:01,3_2$7a037544dacdaae59a4079e6c8feef0c04c84b16765b6fb31f42091474fa323a0f6dc426789601db3fe9a7ca6b3429cadbfa2485f84a628e746242ccd8fa813c
2103,641,0.19.8,,0,1,309,3,2018-08-23 03:12:31,3_2$9a355562bb5d0924a6932e7ea6857983d05f2b82faa17f05cf4465eb9c1e02d3fdf0f0a9c570e131f7f82d37cd35b6d1ec5ae420742418c265086846347acf5e
2104,642,1.0.3,,0,1,310,3,2018-08-23 03:13:03,3_2$b0aa0ebef5089edf402c17949f54bcb4f6c160a7624b452b03977d19f597a17800b51d4ad6018ae3995b0ccf33d6e702ed111f6d9d9d4578bbfc96a5991e75ce
2105,639,1.15.0,,0,1,311,3,2018-08-23 03:13:32,3_2$170c3aa7f2c35de9f11a27ee12d3ecb30c96eea2f56e28a18b4e534ea42e5a26b38547daca63105189a649aa26c18cf791283f373682f9d1ee7f648d79ec6ef5
2106,640,1.15.0,,0,1,311,3,2018-08-23 03:13:32,3_2$983bd0538483965725c52bec3ebf36a24ecc40cc36ccb4efb20a9e486c4896050a27f179ae09ed48aaaea76259aa82f29ce380910772022765d2923d0bc54575
2107,646,3.4.0,,0,1,312,3,2018-08-23 03:14:14,3_2$31e787bfe8361bd5e7bb4ff0176a18e4eb708f9e6d3d40399af4ba573ee962747fcb32224585a617bda44e04e8f94bcf75b2b61a01fc8b33c88296ef9283e6b6
2108,1543,3.4.0,,0,1,312,3,2018-08-23 03:14:14,3_2$6321082398128b0227f582220a4fb0f4ed2eb2056b63026825db443ffe6269e9c0e457911174a8c811a34d29941dcb6390d1f1f49fc79548633fc61b0a947804
2109,1538,master,,0,1,313,3,2018-08-23 03:14:48,3_2$fcab1a000e328cc485f2ccce25b257a70f1ad131e5ddffea268bbc821391628b798772fb5363e2300e7b0b62d83e1326b42cb65e05a84bda3756bb07890ef101
2110,1536,master,,0,1,313,3,2018-08-23 03:14:48,3_2$8bd451fb826b83a03c108d0bbeb9453bb58247de1e3544a6725f25d68fc04ed0f0349b321a6c644b11705294a2bacc64ed17cdfcfbd014aa02a2db344496fbc5
2111,1537,master,,0,1,313,3,2018-08-23 03:14:48,3_2$0236ebf67f048864ac544da6cab133c004f040bc0b483040c7bdf436ef8cc311cde34e7b1f69b0ae7b4dac961eb01ff7ce3b2e9b98f9b69fa4fba3b8cb72dcec
2112,1636,master,,0,1,313,3,2018-08-23 03:14:48,3_2$3629704d470fd756dd9ee83689029df2c1268f3a03de031b51269027e34be1f552fa3cfaec4a198f75c96df92e8fbb78c25521f9e4ca598c07abda853666c02f
2113,732,3.6.1,,0,1,314,3,2018-08-23 03:16:06,3_2$9aa54bdf4414ddbf8ea98bfe6140888f0ceb45638605f227a7754ee6433709a28a99c1da10d3805ba7ab6eb732d9f6f680af89375261a4a7d5b195240f4ac5f6
2114,1637,3.6.1,,0,1,314,3,2018-08-23 03:16:06,3_2$7540618fb47efea70c3d63ac694486c5510128e5278f9b6b944e5c83398ff7e59498f80433705996120d4cd26ab60626e2a2511bfa7bdccca6d9113374cca984
2115,1056,3.6.1,,0,1,314,3,2018-08-23 03:16:06,3_2$fdc85010a2f455494b3dc02e065f1052d1a57254b56cda901c0a8f073b22a5d17f7e6b5a2637d5f28ca8c8c3446c5b18fe9ed6c9ffe335d0928f1db1f3551aa8
2116,1057,3.6.1,,0,1,314,3,2018-08-23 03:16:06,3_2$befd02bfa0402c6ce5b90ecaa8255e64754c3a658d665a5cfa01539c9f5fd1a773782e6d8040c697e6344edc37dd3bfc0319dae7d4764cd4207de33a798f2c25
2117,1461,1.14.1,,0,1,315,3,2018-08-23 03:16:56,3_2$3f9d164fbe9c27f52cdca7107caaf64f494a634dc3eb3e65eeccce1ec8c20f3a698efe532e54e9ed0bad6c0c790af59d23092867abcbe446879e0ddebd07ec49
2118,1462,1.14.1,,0,1,315,3,2018-08-23 03:16:56,3_2$73bdd0d7675c7e19e73812b534794e6aa2577397183345bd855d4a9dcccc90107c54c007231757784144da5aef64de01637fb9cdcaf529023bd7fabe53e316f5
2119,1459,1.14.1,,0,1,315,3,2018-08-23 03:16:56,3_2$5c5b90eea792bfceb1109b86949b4c633e87fedc7ee6be647c7bdf73f4b0c4ff75292e0dfe72c8dec00424d04da1ed168199dcda6159549c2030ae51888a1d34
2120,1460,1.14.1,,0,1,315,3,2018-08-23 03:16:56,3_2$deb0fbb341f4fce2f80c684cd56f39a571655b8226b27c455b69d011e1f734c8023d68a2d10a1dff63e3aeeb55b7bb99caf13c1332ee84ff3570c050a7e4fcc6
2121,1456,1.14.1,,0,1,315,3,2018-08-23 03:16:56,3_2$2398384506fafbd939fb15df1aa8dda8d2590836e2416e7efdce195414868dd6eddb4ac94e85f39179bac7a1113367e7db4c4221310ed5ee6c237ffd7bb59247
2122,1458,1.14.1,,0,1,315,3,2018-08-23 03:16:56,3_2$997a86d1a468471e47069708204dc30415628792cd28dcc8d484f1dec4568cd61501177b2a2ae994c42f9b4deba0a7b28404388b2b03f038a4651de9865c715a
2123,1465,1.14.1,,0,1,315,3,2018-08-23 03:16:56,3_2$8d7f9cd78ba6f4a89d6556f8c0a160d6d5eb21e47b976e26236d4d92ae9cf7e5482e708c385300e39902f3b57374133c91a3d07bde9391c3ef47cc043fb04e20
2124,1463,1.14.1,,0,1,315,3,2018-08-23 03:16:56,3_2$6179f8b9d234c91d472e900e4610fb3cb0a91f31d6beec7cafbddeff057deb1952f25e63eded45df240885b2eac8c5fc8f1c8e9d7eb2542902658688787fc9da
2125,1457,1.14.1,,0,1,315,3,2018-08-23 03:16:56,3_2$e564d816847474546d8d5345050115e486f733cc0a22f726b6ac178eae65ed26ae567f5602038a96fa6022fdd0894cbe60506c9d0213ef99ddf60c46d9de5ee6
2126,1061,1.14.1,,0,1,315,3,2018-08-23 03:16:56,3_2$19fc363ab284467ae353151becaace67e423e81623e228c75cf3599e37672eae03fe0813e730e9e878b07bb6f891880ed6e231cc6d03b46e2eaeaea218594d48
2127,1442,1.14.1,,0,1,315,3,2018-08-23 03:16:56,3_2$c368b0ad3024b9447feb1d766745a86ee011ac571b6d2426c3659bd86e22b055fbb76acb5226229a9e17429763ce46fca2c13b8d9a4439ae68d473a27f3d98cc
2128,1447,1.14.1,,0,1,315,3,2018-08-23 03:16:56,3_2$b47a3b09b9502f524234816b21b7250c7e858e46d2818a0bfe6c2db2d260107bb8dc1de457b293b4c8e5f6aa5fe386a631537ee5ff83ff7961d2196acdf455a6
2129,1443,1.14.1,,0,1,315,3,2018-08-23 03:16:56,3_2$9a4e1787ecf1ac53451efad1cf79e77690e5a038d8333b9171d81b8ec385945f3cecd94b9bfd2d611a93bb43fec3ba7a85391f281f18110f848e2908e454b9c9
2130,1473,1.14.1,,0,1,315,3,2018-08-23 03:16:56,3_2$79bdcc820ee0aba216bb5874a66d010a1399e602087eb45ba9b11c4d97aa0ad8d1e3d7880fbcda1f9dbe8c17928a1a8a1572e86bd44b28acc67a8baf651c109d
2131,1469,1.14.1,,0,1,315,3,2018-08-23 03:16:56,3_2$f2af0e0922eda49c3e943a33ed48495c793f77b7ec9b29f362032f48527e8f7a514308481f23e3ab530f282a39a7187ccedc9f6faa03192fcfd6c28c3f3e88c6
2132,1466,1.14.1,,0,1,315,3,2018-08-23 03:16:56,3_2$3f6a63e7950883f1472f788c4479d0343aa45d59c80b41bed4dba015148351feedc6e84d5a1ba1b2d9d076c8c012d762448f55b6ef557a121bdfe6d847118477
2133,1471,1.14.1,,0,1,315,3,2018-08-23 03:16:56,3_2$e4284e920044b62b245a81cdc5a166269dd247bfdd20c56f42b0351d0dd4cfe13aa987ad2ccca052e401f998ef7455dd3acbab9431c2786bc49b8e5ca2ff568d
2134,1639,1.14.1,,0,1,315,3,2018-08-23 03:16:56,3_2$6e6531d9ee27de32445c08dd7195ad2c741a64c43b263377bb27ccb8f1074e2085d2ec44d09b3febdc09f0c931dfb41d87196a60fe64b4951d5e5c5423f30093
2135,1464,1.14.1,,0,1,315,3,2018-08-23 03:16:56,3_2$557ba23d419d1d30d8863a65ac85cef0021edd172c6aeb5c521e39dc8936ab0aa2b72c84a00adccdb16f8a8b409953c096751f720ae873a03755323a91d70a8b
2136,1446,1.14.1,,0,1,315,3,2018-08-23 03:16:56,3_2$39c5e903e309dcc6c8e859c7677c174f6e82c0b17f14c9908f2c7f5a1fe3d878d9b9ea2c1e45cf3d4751f859c020cfc0d920cbf0ff4d1e3a4052fd4165e405a7
2137,1470,1.14.1,,0,1,315,3,2018-08-23 03:16:56,3_2$8e005c8858316cc9c1d0d0782415c745dade643e8744ef6e8cbe534c89b66806a73bf1d7ab9c75be3548fde3b757183f2e44b52ee030550b18819b06f31d9b9a
2138,1449,1.14.1,,0,1,315,3,2018-08-23 03:16:56,3_2$6a7d58bec7526abba47199c206734e7e4729c36a01e8cd37e99217e94c7b1ef91b848f3b04dc2f134ce11975d42e5992e0955569a6a339073e194d47cbed81f7
2139,1450,1.14.1,,0,1,315,3,2018-08-23 03:16:56,3_2$0d431262b49d9d787d734d49f3fd1749199e3d9ae95a7e6cb528204da3f81c1a9aec7d3e46c126881ceb670709fcba704dc8738743bd91958aba27485d03b614
2140,1455,1.14.1,,0,1,315,3,2018-08-23 03:16:56,3_2$e4dcc6b9b60e9387485384a8ff4600b916cd1f734727514741384c0a40adbac3296712d7f81120f860eee13e1c1c8262dbce4795479ff69cb99500db41a26ddc
2141,1475,1.14.1,,0,1,315,3,2018-08-23 03:16:56,3_2$36e68f28ef7c30a128cff2ab4c27a57ca1fbaede121d9f2c5e42e4e06e84d81c9fe08835b17b619cdf977720698c1bd849238e8c4288cf89334541dffe836e77
2142,1476,1.14.1,,0,1,315,3,2018-08-23 03:16:56,3_2$2f52d3c6c0ca522ec08523c246ef0cb5b0d902d6c844273dda9441f913cfcb9c4bd5019c3038ba30676280c28c3a06cd7b657c262a0fc40c4689a034b9a4ca7d
2143,1452,1.14.1,,0,1,315,3,2018-08-23 03:16:56,3_2$1e83f3efae65f4a28ed3aa5864124aeb84b39750c658a53b50f6945e37a63a373c47888347f9ba32e62c32eecf72b73f80c20089c0d84938bfa7447cae7c4b10
2144,1467,1.14.1,,0,1,315,3,2018-08-23 03:16:56,3_2$c69675ae23fda2692077f215d2d711b8d341e71b16ba3cc9639dacbe37dcbee9c49d6924ee499cd9383d72e1a6e073b51878e1bc108c841b76fec6c0f9eb15e7
2145,1477,1.14.1,,0,1,315,3,2018-08-23 03:16:56,3_2$fdd1f70b4d427e0055911963a631adeb69e261f5ca7c4617d8ecd901d72eaefe7d2f457a71a425c8cf1e119f5b377df833d7a85bd207869191ae00f93d0de5bc
2146,1454,1.14.1,,0,1,315,3,2018-08-23 03:16:56,3_2$57cae4b3c170938c80120405369674f3f7a1b2a5ecc86ef065f890c6049101c9c50196b112e5662b661936848f6ee56b8c9bb7ec742b7026cba630dd01e9111c
2147,1478,1.14.1,,0,1,315,3,2018-08-23 03:16:56,3_2$bf88f7ee9f01171ba4a1f6e2333d75cf9a58d1cedd01e7d929ed7030a26d8d9eb1417a411c0c38a7ca88ed794ee95e1d87ceaae0e28efdb660d388d0787c740e
2148,1638,1.14.1,,0,1,315,3,2018-08-23 03:16:56,3_2$6d2019edce558904de05ba68445499581a163d8e0d3f7019efd835bca8a3d1d2001da7b04d9462de6fe3d9789cebb6a06f46bad42d1dbfe2c196ad2019d610b5
2149,1444,1.14.1,,0,1,315,3,2018-08-23 03:16:56,3_2$551d55a04e944821d29eb4883182aea43be43e4784d0b59c8dc137853ef29259bc2ac15ab13afcda902f0c5a2dd6cfe10048947b5b845fb9f251c4f3a381c91d
2150,1479,1.14.1,,0,1,315,3,2018-08-23 03:16:56,3_2$513cb3c8c89b91069047b9a292ede248eacc02e368be3054f55cdcbce2a4990b8056537d6574abe5be51bdd8430206a9e5cedb98c06411bc915df028ec3cff9f
2151,1453,1.14.1,,0,1,315,3,2018-08-23 03:16:56,3_2$c7f20f0ecee300363df31d5b00213619a878ff2918d3a251bd2f389fe1ed78afacbe571417bf73a2a58a0dbdee0c97329603f343039d307329fe62b03e161465
2152,1472,1.14.1,,0,1,315,3,2018-08-23 03:16:56,3_2$8e71c07b5f017df5f4b4c262b32139c89dedfabf1b9099b6b310f88e85bb75a2e35f283f4fe1a21c746b4255fa1bb73d5fa4009ed0b80002941804746a85161d
2153,1480,1.14.1,,0,1,315,3,2018-08-23 03:16:56,3_2$9e042c0ed3765148210042aa6c09b18f1eb2aaecfbe7806c2ed8f5f4a1a318f618c3a99dd5129ee8f2f1c367cce34ee3107d0829865228291b20e269f1804454
2154,1474,1.14.1,,0,1,315,3,2018-08-23 03:16:56,3_2$37657cdea255547e2c1f18456f17d93416eeeb9965bd1f0658f6ba7b3f8f6efe23fd37d6fa7b336422a285f8e30e70549cdb10448ee7179234de2b981c9608e5
2155,1451,1.14.1,,0,1,315,3,2018-08-23 03:16:56,3_2$e58353e495369c98f35e458e228b7561ed6bdde238120c3d0eff1dfd8042ec02cea63826e5ba332eeacb1895b3f7a841dea8e8b3b3a2a7de1a10b5eff85bd294
2156,1468,1.14.1,,0,1,315,3,2018-08-23 03:16:56,3_2$cc7695e4b4ed3b8edcd4e468e283d201f7bf349bd48767587c8685680586db5e1edc7499b9b185e744a175ab5c2ef8303b333643f7ef49ab26cea14c33722132
2157,1481,1.14.1,,0,1,315,3,2018-08-23 03:17:06,3_2$fb2dca6e7928044d8ab95ceb4b7f250a6e7ca3b81e65778aad5c986fffcea3e2849777adb4ff77b3139686242f3467b53fe2db50ccfee96c7586fe8bfb54b933
2158,1640,1.14.1,,0,1,315,3,2018-08-23 03:17:06,3_2$08ba619a583f6fa4084a126e848c5894668db9a42cdacb6753ba64d2d570d5157a7ed50a0d85007deeff395b60581ad1b7e441fd50296634e2e4debe70855e7a
2159,1483,1.14.1,,0,1,315,3,2018-08-23 03:17:06,3_2$330f6d64bf8dd386f746b6e8bf96a90a1e5d78dd2e42fd0eb55443c163fc1365b7a3809d2b2af9c399789b613913f1b7dc685e57a123b618b1d05289e780f56a
2160,1484,1.14.1,,0,1,315,3,2018-08-23 03:17:06,3_2$56a093d38ef07b200eb2508de0f77292c8456204be85a97d909a5155aa1ce950adc86bca687a313a67ddbcac078973a7e7adeb2f3cdd28a939460b4666034fcc
2161,1485,1.14.1,,0,1,315,3,2018-08-23 03:17:06,3_2$cc8f17eb06c43502acc77af0ed4e6e9caa79c2afe2d3b889cb273e7b6468ffd09a39ac135d34fe359028a6af2623b7c60b8d2ac686d5ee21420d0142808043de
2162,1489,1.14.1,,0,1,315,3,2018-08-23 03:17:06,3_2$bae10ce3372224109fd75ad1fe929e7ef5f86b64dc42402a8352562b1c4f0cb7d87762034269a65a0f939f59272010b139da0678e687a505627687132455580d
2163,1641,1.14.1,,0,1,315,3,2018-08-23 03:17:06,3_2$b1983445689a76e398907e07dc67ee96c2c2df6c197305d410325e04e72cb13a052b529ff30161998fb3d23d8582041c1b1bbc767d88eca5858bf551fe2542ca
2164,1486,1.14.1,,0,1,315,3,2018-08-23 03:17:06,3_2$d6e216ad8b0a2a13b875c40fa7a00bb9a5365fcb3de58d5cb433b815f8421be61392ddfd331391bde1670494e6f955fbfc25fc5f08c67577ab630e0b4ffabc81
2165,1487,1.14.1,,0,1,315,3,2018-08-23 03:17:06,3_2$f2816a86804cf11200eeed9daa6732d58feb65b34f07256f3b50a329e816242bb6654a162688f1a94ccfd210c50c5ca1d5420fe26cf7e5bb8e748acefef98bf0
2166,1488,1.14.1,,0,1,315,3,2018-08-23 03:17:06,3_2$2b1464e28574adaa239b8c0e7321e54bab86447ebf9dc680f30a648e7479177799e695085534e31fd1e0d1d2c9f05bfbe3268e310b6d6230da7490b996341602
2167,1490,1.14.1,,0,1,315,3,2018-08-23 03:17:06,3_2$e247b29049d0021d4edf6c1a79cd42eb6ebc21984ef67097d11899beef04558e54b0d3e78fdd98ee6cc2e60861e91ec5acb92d78167363b64c75bdf8cc4c4a7f
2168,1491,1.14.1,,0,1,315,3,2018-08-23 03:17:06,3_2$683629fc5fdd2c5ea721f2fca280674be86c76e83f1a15f6bb4393bfee22385a6c6a8a724e4354d27bce2d612bf8a62a733cb3f424ad5ce62a2ecb5294504945
2169,1492,1.14.1,,0,1,315,3,2018-08-23 03:17:06,3_2$c049ec7f95a53440899e522ac6dbad74ee6a22ac287eb97fd8c51875987e618202f4f15bcccd437e54ce2907ea6584146e2940ba1ffa46795d06e8c94e3f5c37
2170,1493,1.14.1,,0,1,315,3,2018-08-23 03:17:06,3_2$7786e184a4f2a24bb7fad93ce2d73ed694a94e0a802ac56dc5988071ead06449dceb798581d7a0fceb99112f1eb083468da70e29ac0d7e3a8eef09196ae56390
2171,1494,1.14.1,,0,1,315,3,2018-08-23 03:17:06,3_2$4926a535ee0743870ec4a99f95f760642263384ddbb05e4b19a14759842b170011a98180d8af192e465771422489d2534bb42d7a7c99d65c81afa3640ea7fbe6
2172,1113,1.14.1,,0,1,315,3,2018-08-23 03:17:07,3_2$b4c8d3764d61696fc426a9f1219d3f94ab6b4cc873b3f92c48199f795d170685571d29f11f5df10c196fccf573df54aa09a7d9c58fc961ba45216e1c202a217d
2173,1308,master,,0,1,316,3,2018-08-23 03:17:58,3_2$4d59a0224616953e9bc780d82bfa3188af3e79f5825d746c0053e5c7a1427fb69fc721efe7ad07b875fa2daeba405bf73b8c52b5f72ecee8b5549671b023ff5a
2174,672,master,,0,1,317,3,2018-08-23 03:18:25,3_2$6acb1555d120cc02783fe5e89da9f1d8f381f73c94e17ddcaf39f0ff0fa0e864bdb7594e24fadd6844abf5f1a7a4493ef4ce0788a0d415b7f23c145f3c7d5044
2175,665,2.4.1,,0,1,318,3,2018-08-23 03:21:11,3_2$9ca4073a002b8d417f88b8fe07e2d1d835c22da4dba5f8cd718579d908da28c104ea73039f9f8843f63cd5eb54dabacaa70add617212ccdc3e4bcd27af647684
2176,1331,2.4.1,,0,1,318,3,2018-08-23 03:21:11,3_2$cd4e44e0b88cf65042fde4119f4369d5957c28b5df677827dd0db673d5f7838919fcc01282cc70555d60ecf499ade22af7475efa548e2aad8e3879b8d07c2eb4
2177,678,1.1.3,,0,1,319,3,2018-08-23 03:23:34,3_2$35e1fb75eea2f9c42b10d53376b0908a3adb1d4d954843562b2176d74c27153223b05e784d46eea30aba06c38782a808eec5e01068374d89f51ffce5a968133a
2178,636,master,,0,1,320,3,2018-08-23 03:24:03,3_2$390317add402053e285e95d4f821d0a545bac624e7f109d96d973bdc7f44ac28f9a21641815b1b9d48166d5fd5d0b753f55363fb642de3ce5f3e76a9487ad1f8
2179,1255,6.2.4,,0,1,321,3,2018-08-23 03:24:28,3_2$46e24ee7dd4d94e32b838d7ec6fc19b1b5446773e2b3a0c3edeed68238656a32681e6bfe14f7f36012f3b6316185087e1a9dd849ebcb320ce8b6c1d9a2a542ef
2183,650,3.3.2,,0,1,323,3,2018-08-23 03:26:08,3_2$090e119a4712df2a1f36d45fb59db3b0c0898f1c5f4f9e8cc23df5ec12ddfd7bde9c57f5c9924c6a911b9954cd6e7f69a3297e27a84b7c20ec6bfd44626c7632
2184,1277,2.3.0,,0,1,324,3,2018-08-23 03:26:37,3_2$9cbbf190e701e74bccf80bf9970daee1e0825cf4e2d52869b36fb9e7ec9f72c93e74ac98ad49fce30a4aa3ac779768eeb4ae3cbdf56b4e9dfc8ade0af0ac1f2f
2185,659,1.8.0,,0,1,325,3,2018-08-23 03:27:08,3_2$b009e7815679e146cf18ecffd35b3e6f38ef71084baab8ddcdb92e4d0b1a9ef66a76e4d523ecb7fdfa83a79d1ac8dd5dc74d1b8ae421687ac86029b54f880015
2187,643,2.9.8,,0,1,327,3,2018-08-23 03:28:10,3_2$fa2a16b845a1e2f9a3252cd4f3c2f8f7dfa3bf5e110f702a5be2da0eb1c64b7b7dbcee4d20bb03a912b9b14ec10a69877f890aaa3dc86f50a96f5d6312d1b908
2188,637,1.8.0,,0,1,328,3,2018-08-23 03:29:07,3_2$3c63b3975cb590b61e43f1a30cb39b28ec1f86478b5a5c331d47bc241a4a165bf358a28a12455ce3e05418d445abd81142228927933ef45d4f517c47eda9c6ec
2189,734,0.3.9,,0,1,329,3,2018-08-23 03:29:34,3_2$88b22e68a3b9ddc415083994ce596b46ccaa2d5fdc76150608a118fc4ea23e0e53613d0932e1fb07785f3734d07de679865269abc39b174023714cb564826ef8
2190,653,1.32.0,,0,1,330,3,2018-08-23 03:30:11,3_2$0800c3a88af705cd84d7dd41fabb0a372f3fb6d1e8f1bdcfdb96ac7cf348d2c1798bb5027ed4468d1881b0550f69065446caa88b094782e022369f9c5a59df85
2191,673,3.1.2,,0,1,331,3,2018-08-23 03:30:52,3_2$703761d92af0fab886d8862bd102eaf533bb50aecfae801598bbecdf4dd9669eac2a09dcd6e9fbee4b267daa7d5337436e66f7eea3b0bbe18c962f8b4b8d6061
2192,638,2.10.0,,0,1,332,3,2018-08-23 03:31:14,3_2$d179de9a83ad122cb22f5fc1e6aa45a04a084dce9c1edad43129643b1fca91ab2a7f295efe3ea5a306d9564172a408066b44d57734558c4d84bdab04dc7b7f1a
2193,655,1.1.0.7,,0,1,333,3,2018-08-23 03:31:46,3_2$a74541372f6a174477165cdbac0c8d63898b25b42074881b15cfc2ec74850f9a10bb1dabf406a83d348b4d6fdb61596d8a7b16f8487c5b3b85183776f4191f0c
2194,658,1.1.0.7,,0,1,333,3,2018-08-23 03:31:46,3_2$782fba26076904cbce7a21a5daf6365fd23bad4f9ab47d580db6734a87ff7748816acd6133001a9310c67978bc695b19d2cbcb70fc89ee6cbda63eaaf87b7f9c
2196,1643,8.42.0,,0,1,334,3,2018-08-23 03:32:34,3_2$f3564fd30f87513535a68309728ce7ceb105f2a76da891b596cc3884bf8a7f4029ef6dad7e455c07e29f743a35f7798d74ed869e8fe3c18197a303502767249e
2197,1642,8.42.0,,0,1,334,3,2018-08-23 03:32:34,3_2$656a0de065558f45fb1a2f35c478fbaaa2fabb08a894a21b6ce931605ba230004674edfaf503a6b2a494c07cff075d6cb1189da2e3864b859692c9353e43e40a
2198,1301,8.42.0,,0,1,334,3,2018-08-23 03:32:34,3_2$2c446cc3eead9a627f0d95e2204cac1ef7d02c8c8bf0d15188690cff8b98e4abc956130aad0d7051134dd850d25bd1809da44e6f3976fd2eeef74fb464ce544d
2199,670,master,,0,1,335,3,2018-08-23 03:33:21,3_2$8be3253307c76293f6431dc845b8c9f57cf8afe522d27ab9d2b2cb84b7cfe5942f9ee9731e60599183c88b15b10f5b3bd21a3b4ee2bea68b2d60688d593713e1
2200,669,master,,0,1,336,3,2018-08-23 03:33:46,3_2$e7769ea9b97d611db573847984718a80d8b679d9869368f129b193c8c9b6db30eb1ba2f3bd667ae32170e29e3919605fa1639b29b26e5481db843fa3b3f1c2cf
2201,856,6.10.0,,0,1,337,3,2018-08-23 03:34:10,3_2$2b445bad7f4948f56c444da359b7af7cb4a25c9763bd469f15f0b8071b1288d9c9ca3d5cc476477e4f00c7a7285d01476c109ab566f7b42f7a46064cf87f496f
2203,676,0.29.0,,0,1,339,3,2018-08-23 03:35:13,3_2$bb3e898f476cd6bce50e2ab51dd71c8fe2dc6a002e66c8777ef4361b2a8884bba7f8cd76afd9be074f8c7bef5823a435a8edd8df47c92cc6e3cba816a03b6579
2204,5,3.24.0,,0,1,340,3,2018-08-23 03:36:11,3_2$308b3170506f588c7a82cb2b76f9f78188f6e593df098f38af224cda186a4b2c23ea78b8b50bf9915801980e9a05077aa844c6508c877da0f15189928f77d18a
2205,1644,6.2.0,,0,1,341,3,2018-08-23 03:36:43,3_2$dab44b5047c4305a0a66c2c6124d13c71334a19330beba3c72b4b5208e9c8029489eb99da9bf64032adf0e9f915a605607b9338e666cd0502c73733f4519ee81
2206,1293,master,,0,1,342,3,2018-08-23 03:37:12,3_2$77a8137f32636a8a1999f6362f70e1e74f24c32b97eb3385bd3e85ba193eaba04f39ab4324e694b1caa626a658ab3781fbb095c4bdfaf18c69d6b4ae1859ba15
2207,1285,62.1.0,,0,1,343,3,2018-08-23 03:39:09,3_2$19914d2f18d8903d2bd2bf02215929949441efa2e5f89adffd0e73896aff18fd26b6c91a7bd58687cba802436e896d23e5904cc33c6d4ae494f01c751c9d9f4c
2208,1646,62.1.0,,0,1,343,3,2018-08-23 03:39:09,3_2$e3f06685d7a7a9052b3b15309e9e0127d88c07cbd09f9fdc8d286b096a84e478e2af20c4cb09ab3a8c1bd36810dd528a56b5cdbf0e1fcdafb55eb277026db806
2209,1280,62.1.0,,0,1,343,3,2018-08-23 03:39:09,3_2$6eaea1dff67caea51dc322feeb21f026fd79ce153e73fe73a266f96d295596d901132637163a9a277d243e060becd8b5b7c75953b83996452c3c73673dbf89c6
2210,1645,62.1.0,,0,1,343,3,2018-08-23 03:39:09,3_2$17cbc17d992309750430da7cb0ef11be4eec324e9f49f79a69d9a0e3e71fcd9aa5dabbfa5eedd87bfda4efd0dee65200054e3da2bc7aa2d0ac5b1fc697c0206d
2211,1283,62.1.0,,0,1,343,3,2018-08-23 03:39:09,3_2$35c110c5c6d99fb73eba371ea3ce2722a56e96e26a672182e5ec87587ab3fbf3f3db489dc3410753dfa7b0d509fbd7d67b15318203ffbdf7d05830d6d576cb9e
2212,1281,62.1.0,,0,1,343,3,2018-08-23 03:39:09,3_2$a30d309f7a1257433cd3072600181b42278f97de31d47ff50ad1a152354ba82970ae29c42f0f52838a439cce1d2cdb36f47812150443ab5de17f35f5e6702914
2213,1282,62.1.0,,0,1,343,3,2018-08-23 03:39:09,3_2$f70b1350eed3cfd47c8eb718b97f7d747de53c116d62aaad509e3ae692d6f5a5898c1c07c7296cfed1a528c115db4f17a8703e7fa42c6d5d68a5d75fce3ebe99
2214,1286,62.1.0,,0,1,343,3,2018-08-23 03:39:09,3_2$a30d309f7a1257433cd3072600181b42278f97de31d47ff50ad1a152354ba82970ae29c42f0f52838a439cce1d2cdb36f47812150443ab5de17f35f5e6702914
2215,1287,62.1.0,,0,1,343,3,2018-08-23 03:39:09,3_2$f70b1350eed3cfd47c8eb718b97f7d747de53c116d62aaad509e3ae692d6f5a5898c1c07c7296cfed1a528c115db4f17a8703e7fa42c6d5d68a5d75fce3ebe99
2216,1278,1.0.0,,0,1,344,3,2018-08-23 03:39:46,3_2$401e4b6d0250ed23f1a3ff9c43c13091fba516dbd78e1490b189bed4153ea7f53d9a8b56622cb9e590ff5cb9545f433e0448afdfb7dd642a5b6c4ef949455cc4
2217,1306,3.2.1,,0,1,345,3,2018-08-23 03:40:24,3_2$6c994a22d77cb04d40db823cb5ee85aa5b0c924f9e66b613e84d46d2323c51e08142d2606c174958bcbfc8b356a9c5080d7b716f5588b16a7567dace409acacf
2218,644,5.2.4,,0,1,346,3,2018-08-23 03:40:59,3_2$8d5d6e0c3704511ee18d75c5fb972b5033be874f97a065baf5e6ca8082197c50922e2f525a30a5ef57a403daaab9eaf58f99d73a192e7e0ec5b4daae7ecb7e59
2221,854,master,,0,1,348,3,2018-08-23 04:04:00,3_2$34192abb95042d65959fe87bd47ae9ad27ff113897776bce0548e73c1bf3b8e4ad2addbdb54257feac9d4633b1dd8572eb2adc046b73d1619adfffc7055950e8
2222,855,master,,0,1,348,3,2018-08-23 04:04:00,3_2$039f57a653ac426598664ceffd5a161540f69a63bca26a89e384ade4e6499c9632f3282945f633c774f61bd07674ba7d58189e5ce8e46a8471250769b51d8b5d
2223,1647,master,,0,1,348,3,2018-08-23 04:04:00,3_2$a51d690add982bbb5995060654561a16bc14a5b83dc7e075fe6606191d111684247c49e725eb88641f6621465b83574d685ab8369dbd7e8ea5ca70cf47f1f581
2224,1659,master,,0,1,349,3,2018-08-23 04:11:23,3_2$74ac416139b462dff7ff7f31946e93b9b3f299a3a0356e4dfa04efddadd0173a63a5fd7bd6f01376b846754b6c0e7d8f054552360470d43e41545938d56f9858
2225,1660,master,,0,1,349,3,2018-08-23 04:11:23,3_2$acb5ace444248290d27ac103e97d7927a8ced8aa0ad4b77d798cdb0dbf0b7f9904bfbf47d09c0e029161897068b3254a08576b37cd5c61240fde1dc8b12bddee
2226,1661,master,,0,1,349,3,2018-08-23 04:11:23,3_2$1e559e24aeec8fc42d2586868660f1a4b28e1900edd186baa2fcb0e733e7c9c90d5d74c560d00e0319ce854c9853618afded4e058dc2d2db7cfbc2f56a15888f
2227,1649,master,,0,1,349,3,2018-08-23 04:11:23,3_2$3d469a40b808b2a1e6a02969a57e8b43df081c413b0b0b8f7fff857638254c20a89bf91ba1a84ec84321a2d3ba520fde8b6aa65e98a4a5f488ec6da8ed1e5162
2228,1672,master,,0,1,349,3,2018-08-23 04:11:23,3_2$100f623446b69930ecf3a5c2751f974cfaf934187578f4943961b5ca4674f254b38b9c168ad2a9a21a8dd020bc9a7303d8337c6298a4ea941d959457932b29b3
2229,1671,master,,0,1,349,3,2018-08-23 04:11:23,3_2$276209712d1703cac6de128c8f1f404059cf3d40ca04d5e5b26b457986792cdf5698870d72e783e04cfac3bb959ae982f5127ab9a30d9e6429710e6480bf3c7e
2230,1667,master,,0,1,349,3,2018-08-23 04:11:23,3_2$c4c4941afabdc74256212ecc53d292a1a1e707507a75e499d820aa1acbe0fa56839717b0f80c9bc0873a09509ed6e9b6104bf72c6968fb083447701c9d86f541
2231,1648,master,,0,1,349,3,2018-08-23 04:11:23,3_2$30ebcbea0596d0b6ed4e401ac17bf8f9393c2ef09801bb85828988ce44d9b727d6ba1f239a9dd13b8655d2ccc6384162e317be4583d03539bbcfa8851e20181e
2232,1655,master,,0,1,349,3,2018-08-23 04:11:23,3_2$893b96fd5ffaf4982e2999bb204fca826b92ae1c7213a2da5e772eb04af775f39ab36b9d7ca45d5552f7f19a74d9e939262c5e438954ba099137a4bba51690a4
2233,1669,master,,0,1,349,3,2018-08-23 04:11:23,3_2$28682ed095cc0a99c0f8a418baf29fed67c4d14d38e1346279b45eeafd1edeba1ea35b7949128a4db8f4d0eb13f6652e8843fb5da08a9b11c0d3454d96338a10
2234,1663,master,,0,1,349,3,2018-08-23 04:11:23,3_2$42bab867036052ef4ba261dd3e27a39120ef948d17b1c6a53536b71dd80499cd9294fb2e202aac599243fa635d97af966d82a54d886d01fbe2d4ae5210ed5bfe
2235,1653,master,,0,1,349,3,2018-08-23 04:11:23,3_2$1f46a9812934f2864f25b34c9c292c9b78e0086ef128075b6b27e92e358adde7d02ea2cde201b30fb22679ebefaefb52b7ad685252ab3d6e3f928a6e302a313d
2236,1654,master,,0,1,349,3,2018-08-23 04:11:23,3_2$13f2cd235025ae6f3911608692f0da058768cdbdd6e69420b0a84615b528b9bf3282cecf3134fb3313dc046f20a2398cb45b9c5630e4c0bd4680e93f0106241d
2237,1665,master,,0,1,349,3,2018-08-23 04:11:23,3_2$f9f54abd3fd9d136c635a9e3e20a3f5e322d831c9a6c5c38105981e8763748537188f832d85fe71bb6085dbe256e8fdc897a436febe5d7eaaff39d6b771753b3
2238,1664,master,,0,1,349,3,2018-08-23 04:11:23,3_2$0b1ab867127b120fc6688fcaaf6732234bd8791bb949d254459fac85792a2b938c849a697156c616e1ac6d806bf8e585be9c7d16ab8e558de50f05e0606d027d
2239,1656,master,,0,1,349,3,2018-08-23 04:11:23,3_2$a0cf03ae04343f28bd49ae27165503499601904584abd3383625ec81739f66a697e3df80874542b6fe22b6acdae575da01f9c3267e2dfa8b86f1183a5b29d583
2240,1662,master,,0,1,349,3,2018-08-23 04:11:23,3_2$6ee5486e783d8c4461a873d3e8a3b2c799c908a226f43e10d5125312994e0ff661c7d10b25ae70f347a0c527220a14deac17f68972b5be171e1660889865600f
2241,1652,master,,0,1,349,3,2018-08-23 04:11:23,3_2$d703248182be557d3735bd601444c9ad83ea932e67fa23caf4cf0b39489ade1af988b1ee5bdf9fc52441e94318deb106fa031017d34cd9e6c6e44c67dddc923c
2242,1673,master,,0,1,349,3,2018-08-23 04:11:23,3_2$fbb9093e2c88b1b4ae4f8f0d971a329ea9a3475f10630813403e4b39a7eaace29ee8920d2b24d5dbff387f0b4c9a61b9de191cce2c9427bdcf66e1361229a7b0
2243,1666,master,,0,1,349,3,2018-08-23 04:11:23,3_2$6e2b33c0749f6c827359197593112a316d9e8f59354cb439f3c84fa078dab91375182df1dbdcf18a149ec95cc94325f05b5874487041ceffcc54c26a39921148
2244,1651,master,,0,1,349,3,2018-08-23 04:11:23,3_2$aeed34a791ed06e1b9117aa01048f77ace38660fe6a4c661699bee96c7b04312743002198c84b2f29d866cda056778d1e7478a866853ddaf3d5d64d97dea4c9c
2245,1657,master,,0,1,349,3,2018-08-23 04:11:23,3_2$04c8f5ee5f248f9c980121408d0e07a92cd38a56533cb3c4c6691281f80d2288f0a9ceee6b11a99fe613e5f6444470d97f2ff03c7ee25ddd166c3cf64ae7b21d
2246,1668,master,,0,1,349,3,2018-08-23 04:11:23,3_2$3dee80a401cf0aca27b5f6c51e4124d7c3884f7d05c6878725dd59405f3299e105318b29c8d12b5bbe3e983273423bb00331007c205269caf62595ca3e3edf20
2247,1650,master,,0,1,349,3,2018-08-23 04:11:23,3_2$836308d176d65fc0522c5280646e06a61cb81a2c10956ab914988bf21ffb72a3b27030b391bf6aa8d3baec98abe00d900df807bbcd2ad4670e69b95b7e26bc68
2248,1670,master,,0,1,349,3,2018-08-23 04:11:23,3_2$27edc73569c82d232ab518b627d8e912ccbad282cb0e5136f696c6e396e14ddc7a8cbf4e9c35e329d6a4572361b75a72257850d3b25745d5fa503cc9050d9f08
2249,1658,master,,0,1,349,3,2018-08-23 04:11:23,3_2$84518e5b51e4cd7c222e5d5dcfea80635e46660348c5c81c09739602853367033659467f082846e0a189d201d60eeeae76b50aa4254c0a723b598696f459d53f
2250,666,0.57.0,,0,1,350,3,2018-08-23 12:03:43,3_2$fddd1c8d54f367516f2525b1a0285cacd5926a914b24efba6f7bffbf2b07d1a54a069bd2d6aa203c9dbfafb8192dbf5960fea85fe16bbac22023e529d44e108b
2251,673,3.2.0,,0,1,351,3,2018-08-23 12:04:32,3_2$9b2259b2fcd6440f187450a2f5c5cd77a594cd130b881d82fb824f89d1aef25028bd9aab5210aade240a88c62de1a985a1cdfdc0e2d7f62e3f7725c2079fac02
2252,1309,1.15.12,,0,1,352,3,2018-08-23 15:56:05,3_2$abb5a2a6e1eaa3dd5d27fdf5bc3f04940b1d43f1e6809f62d38d02261f3ece30d1cb9119cb9999b7a35e7692225954e4bfa04bc2a1a219f0ddb9294fe3b2f572
2255,1321,2.56.1,,0,1,354,3,2018-08-23 16:07:41,3_2$29f0592a58fcf36f918c364fc7d42c8c2b3a607267c5a12813b840277fed42b3acdac3f67d2ccfce2ed343b4c64f3ef4e4e06eb766cdf9815974d395e7085fb7
2256,1310,2.56.1,,0,1,354,3,2018-08-23 16:07:41,3_2$88c3689d3e7e729abc11ea8eda439e60bead576cce1f525213ee356cf6a079ead6a05c4fcbc27614637ac1449f7fa54104332e5a90992b9105797877c0def5e1
2257,857,1.23.0,,0,1,355,3,2018-08-24 20:53:04,3_2$11ff66360e6f248a9fc96c43800ab32ae8c3b3467064390dd3c2df386b55405fece26a475a0b0a77a26f2ce217483c2163220196958a48e840efbd0bed7185f7
